,composer_name,canonical_name,most_frequent_chord,frequency
0,Alban Berg,Sonata Op. 1,G Major,36
1,Alban Berg,Sonata Op. 1,G Major,42
2,Alban Berg,Sonata Op. 1,B Perfect,39
3,Alexander Scriabin,"24 Preludes Op. 11, No. 13-24",B- Perfect,119
4,Alexander Scriabin,"3 Etudes, Op. 65",B Diminished,56
5,Alexander Scriabin,"5 Preludes, Op.15",E Perfect,45
6,Alexander Scriabin,"Entragete, Op.63",A Minor,13
7,Alexander Scriabin,"Etude Op. 2 No.1;  Etudes Op. 8, Nos. 5, 11 and 12",E- enharmonic,100
8,Alexander Scriabin,"Etude Op. 42, Nos. 4 & 5",F# Perfect,17
9,Alexander Scriabin,"Etude Op. 8, No. 13",C# Perfect,42
10,Alexander Scriabin,"Etude in D-flat Major, Op. 8 No. 10",F Diminished,37
11,Alexander Scriabin,Etudes from Op.8,B Perfect,75
12,Alexander Scriabin,Fantasy Op. 28 in B Minor,F# Perfect,120
13,Alexander Scriabin,"Fantasy in B Minor, Op. 28",B Perfect,126
14,Alexander Scriabin,"Fantasy, Op. 28",F# Perfect,114
15,Alexander Scriabin,"Fragilite, Op.51",G# Diminished,13
16,Alexander Scriabin,"Prelude and Nocturne for Left Hand, Op. 9",C# Perfect,33
17,Alexander Scriabin,Sonata No. 2,E Perfect,104
18,Alexander Scriabin,"Sonata No. 2 in G-sharp Minor, Op. 19",E Perfect,99
19,Alexander Scriabin,"Sonata No. 2 in G-sharp Minor, Op. 19",E Perfect,101
20,Alexander Scriabin,"Sonata No. 2 in G-sharp Minor, Op. 19 (Complete)",C# Perfect,87
21,Alexander Scriabin,"Sonata No. 3 in F-sharp Minor, Op. 23",F# Perfect,191
22,Alexander Scriabin,"Sonata No. 3 in F-sharp Minor, Op. 23",F# Perfect,192
23,Alexander Scriabin,"Sonata No. 3 in F-sharp Minor, Op. 23",F# Perfect,190
24,Alexander Scriabin,"Sonata No. 4 in F-sharp Major ,Op.30",B- Perfect,59
25,Alexander Scriabin,"Sonata No. 5 in F-sharp Minor, Op. 53",E- enharmonic,87
26,Alexander Scriabin,"Sonata No. 5, Op. 53",E- enharmonic,86
27,Alexander Scriabin,"Sonata No. 5, Op. 53",E- enharmonic,91
28,Alexander Scriabin,"Sonata No. 5, Op. 53",E- enharmonic,98
29,Alexander Scriabin,"Sonata No. 5, Op. 53",E- enharmonic,72
30,Alexander Scriabin,"Sonata No. 5, Op. 53",E- enharmonic,121
31,Alexander Scriabin,"Sonata No. 5, Op. 53",E- enharmonic,101
32,Alexander Scriabin,Sonata No. 9,G Major,87
33,Alexander Scriabin,Sonata No. 9,G Major,79
34,Alexander Scriabin,"Sonata No. 9, Op. 68",G Major,134
35,Alexander Scriabin,"Sonata No. 9, Op. 68, ""Black Mass""",G Major,102
36,Alexander Scriabin,"Two Impromptus, Op. 14 (Complete)",F# Perfect,22
37,Alexander Scriabin,"Waltz, Op. 38",E- Perfect,45
38,Antonio Soler,Sonata No. 10 in B Minor,B Perfect,51
39,Carl Maria von Weber,"Sonata No. 1, 2nd, 3rd and 4th movements",C major,128
40,Charles Gounod / Franz Liszt,Faust Waltz,F Major,139
41,Claude Debussy,"""Feux d'artifice"" from Book II",C# Diminished,32
42,Claude Debussy,"""Images"", Series I",F# Perfect,79
43,Claude Debussy,"""Les collines d'Anacapri"" from Preludes, Book I",F# Augmented,40
44,Claude Debussy,"""Ondine"" from Book II",F# Minor,27
45,Claude Debussy,"""Voiles"" from Preludes, Book I",C Major,34
46,Claude Debussy,"Barcarolle, Op. 60",C# Perfect,81
47,Claude Debussy,Bruyeres,C Major,58
48,Claude Debussy,Estampes (Complete),G# Major,216
49,Claude Debussy,"Etude ""Pour le arpeges composes""",C# quartal,30
50,Claude Debussy,"Etude ""Pour les accords""",A Perfect,26
51,Claude Debussy,"Etude ""Pour les huit doigts""",C# Diminished,41
52,Claude Debussy,"Etude No. 6, Book I, ""Pour les huits doigts""",C# Diminished,21
53,Claude Debussy,"Etude No. 7 ""Study in Chromatic Steps""",G Minor,53
54,Claude Debussy,Feux d'artifice,C# Perfect,48
55,Claude Debussy,Four Preludes,C# Diminished,149
56,Claude Debussy,Image (Book II),C# Perfect,57
57,Claude Debussy,"Images Book 1 (Complete), L 110",F# Perfect,118
58,Claude Debussy,Images Book II,C# Diminished,65
59,Claude Debussy,"Images, Book I",F# Perfect,113
60,Claude Debussy,"Images, Book I, ""Reflets dans l'eau""",G# Augmented,34
61,Claude Debussy,"Images, Book II",C# Diminished,71
62,Claude Debussy,"Images, Book II, ""Poissons d'or""",C# Diminished,50
63,Claude Debussy,Jardins sous la pluie from Estampes,G# Major,94
64,Claude Debussy,L'Isle Joyeuse,C# Diminished,173
65,Claude Debussy,L'isle joyeuse,C# Diminished,182
66,Claude Debussy,L'isle joyeuse,C# Diminished,157
67,Claude Debussy,L'isle joyeuse,C# Diminished,188
68,Claude Debussy,L'isle joyeuse,C# Diminished,162
69,Claude Debussy,"L'isle joyeuse, L. 106",C# Diminished,188
70,Claude Debussy,Les Collines d'Anacapri from Book I,F# Perfect,70
71,Claude Debussy,Pagodas from Estampes No. 1,G# Major,119
72,Claude Debussy,Pour le piano (Complete),E Major,107
73,Claude Debussy,"Prelude No. 24 ""Fireworks""",C# Perfect,92
74,Claude Debussy,"Prelude No. 6, Book I, ""Des pas sur la neige""",D Perfect,9
75,Claude Debussy,"Prelude No. 7, Book II, La terrasse des audiences du clair de lune",G Perfect,20
76,Claude Debussy,"Preludes Book II: “Feux d'artifice,” L 123, No. 12",C# Perfect,75
77,Claude Debussy,"Preludes No. 2, 6, 12",D incomplete,28
78,Claude Debussy,"Preludes No. 2, 6, 12",G# Major,38
79,Claude Debussy,"Preludes, Book II, III - La puerta del vino",E Minor,18
80,Claude Debussy,"Preludes, Book II, L 123 (Complete)",B Major,183
81,Claude Debussy,"Preludes, Book II, L 123, IV. «Les fées sont d'exquises danseuses»",B Major,135
82,Claude Debussy,"Preludes, Book II, VII - La terasse des audiences du clair de lune",C# Perfect,20
83,Claude Debussy,PreludesBII/7-12,C# Perfect,107
84,Claude Debussy,SuiteBergamasque,D Major,69
85,Claude Debussy,Three Etudes,C# Diminished,67
86,César Franck,Prel./Chor./Fug.,B Perfect,121
87,César Franck,"Prelude, Choral et Fugue",B Perfect,110
88,César Franck,"Prelude, Choral et Fugue",B Perfect,123
89,César Franck,"Prelude, Fugue et Variation, Op. 18, Arrangement Delle Vigne",F# Perfect,159
90,César Franck,"Prélude, chorale, et fugue, M. 21",B Perfect,96
91,Domenico Scarlatti,Sonata K. 466,E Perfect,28
92,Domenico Scarlatti,Sonata K. 525,F Major,18
93,Domenico Scarlatti,Sonata K. 54,C Minor,18
94,Domenico Scarlatti,"Sonata in A Major, K. 208",E Perfect,12
95,Domenico Scarlatti,"Sonata in B Minor, K. 197",E Minor,16
96,Domenico Scarlatti,"Sonata in B Minor, K. 27",A Major,32
97,Domenico Scarlatti,"Sonata in B Minor, K. 87",B Minor,35
98,Domenico Scarlatti,"Sonata in B Minor, K. 87",B Minor,48
99,Domenico Scarlatti,"Sonata in B Minor, L. 33",B Minor,26
100,Domenico Scarlatti,"Sonata in C Major, K. 132",A Major,108
101,Domenico Scarlatti,"Sonata in C Major, K. 179",G Perfect,51
102,Domenico Scarlatti,"Sonata in C Major, K. 513",G Perfect,38
103,Domenico Scarlatti,"Sonata in C Minor, K. 84",D Major,23
104,Domenico Scarlatti,"Sonata in D Major, K. 118",A Major,28
105,Domenico Scarlatti,"Sonata in D Major, K. 119",D Perfect,47
106,Domenico Scarlatti,"Sonata in D Major, K. 145",A Major,43
107,Domenico Scarlatti,"Sonata in D Major, K. 430",A Perfect,44
108,Domenico Scarlatti,"Sonata in D Major, K. 576",A Major,165
109,Domenico Scarlatti,"Sonata in D Major, K. 96 L. 465",A Perfect,67
110,Domenico Scarlatti,"Sonata in D Major, K96",A Perfect,57
111,Domenico Scarlatti,"Sonata in D Minor, K. 1",F Major,41
112,Domenico Scarlatti,"Sonata in D Minor, K. 141",D Minor,49
113,Domenico Scarlatti,"Sonata in D Minor, K. 141",A Major,47
114,Domenico Scarlatti,"Sonata in D Minor, K. 213",D Perfect,17
115,Domenico Scarlatti,"Sonata in D Minor, K. 9",E Major,56
116,Domenico Scarlatti,"Sonata in D Minor, K. 9 L. 413",E Major,43
117,Domenico Scarlatti,"Sonata in F Minor, K. 466",F Minor,17
118,Domenico Scarlatti,"Sonata in G Major, K. 146",D Minor,54
119,Domenico Scarlatti,"Sonata in G Major, K. 455",D Perfect,37
120,Domenico Scarlatti,"Sonata, K239",G# Diminished,52
121,Domenico Scarlatti,Two Sonatas,D Perfect,81
122,Edvard Grieg,"Lyric Piece in A Minor, “Waltz,” Op. 12 No. 2",C Minor,39
123,Edvard Grieg,"Lyric Piece in E Minor, “Valse-Impromptu,” Op. 47 No.1",E Perfect,34
124,Edvard Grieg,"Lyric Piece in E Minor, “Waltz,” Op. 38 No. 7",E minor,11
125,Felix Mendelssohn,Etude in A Minor,A minor,43
126,Felix Mendelssohn,"Fantasy in F-sharp Minor, Op. 28 (Complete)",F# Perfect,124
127,Felix Mendelssohn,"Rondo Capriccioso in E Minor, Op. 14",E major,75
128,Felix Mendelssohn,"Rondo Capriccioso in E Minor, Op. 14",E major,66
129,Felix Mendelssohn,Variations Serieuses Op. 54,D minor,124
130,Felix Mendelssohn,Variations Serieuses Op. 54,D minor,117
131,Felix Mendelssohn,Variations Serieuses Op. 54,A Perfect,119
132,Felix Mendelssohn,Variations Serieuses Op. 54,A Perfect,112
133,Felix Mendelssohn,Variations Serieuses Op. 54,A Perfect,118
134,Felix Mendelssohn,"Variations Serieuses, Op. 54",D minor,112
135,Felix Mendelssohn,"Variations Serieuses, Op. 54",D minor,108
136,Felix Mendelssohn,"Variations Serieuses, Op. 54",A Perfect,149
137,Felix Mendelssohn,"Variations Serieuses, Op. 54",D minor,117
138,Felix Mendelssohn,"Variations Serieuses, Op. 54",A Perfect,112
139,Felix Mendelssohn,"Variations Serieuses, Op. 54",D minor,112
140,Felix Mendelssohn,"Variations Serieuses, Op. 54",A Perfect,105
141,Felix Mendelssohn,"Variations Serieuses, Op. 54",D minor,119
142,Felix Mendelssohn,"Variations Serieuses, Op. 54",D minor,106
143,Felix Mendelssohn,"Variations Serieuses, Op. 54",D minor,109
144,Felix Mendelssohn,"Variations Serieuses, Op. 54",A Perfect,121
145,Felix Mendelssohn,"Variations Serieuses, Op. 54",D minor,116
146,Felix Mendelssohn,"Variations Serieuses, Op. 54",D minor,106
147,Felix Mendelssohn,"Variations Serieuses, Op. 54",A Perfect,151
148,Felix Mendelssohn,"Variations Seriouses, Op. 54",D minor,119
149,Felix Mendelssohn,"Variations serieuses, Op. 54",D minor,117
150,Felix Mendelssohn,"Variations sérieuses, Op. 54",A Perfect,141
151,Felix Mendelssohn,"Variations sérieuses, Op. 54",D minor,123
152,Felix Mendelssohn,"Variations sérieuses, Op. 54",D minor,114
153,Felix Mendelssohn / Sergei Rachmaninoff,Scherzo,G minor,63
154,Felix Mendelssohn / Sergei Rachmaninoff,Scherzo from A Midsummer Night's Dream,G minor,63
155,Felix Mendelssohn / Sergei Rachmaninoff,"Scherzo from Mendelssohn's ""Midsummer Night's Dream""",G minor,70
156,Franz Liszt,"""La Campanella""",E- Perfect,143
157,Franz Liszt,"""La Campanella""",E- Perfect,140
158,Franz Liszt,"""La Campanella""",E- Perfect,127
159,Franz Liszt,Annes de Pelerinage III: Le jeux d'eau a la Villa d'Este,B- enharmonic,86
160,Franz Liszt,"Après une lecture de Dante: Fantasia quasi Sonata, S.161, No. 7",D Perfect,132
161,Franz Liszt,"Aprés une lecture de Dante: Fantasia quasi Sonata, S.161, No. 7",D Perfect,195
162,Franz Liszt,Au bord d'une source,E- Perfect,46
163,Franz Liszt,"Ballade No. 2 in B Minor, S 171",D Minor,82
164,Franz Liszt,"Ballade No. 2 in B Minor, S 171",F# Perfect,73
165,Franz Liszt,"Ballade No. 2 in B Minor, S. 171",F# Perfect,73
166,Franz Liszt,"Ballade No. 2 in B Minor, S. 171",D Minor,85
167,Franz Liszt,"Concert Etude ""Gnomenreigen""",F# Perfect,36
168,Franz Liszt,"Concert Etude ""La Leggierezza""",C# Diminished,50
169,Franz Liszt,"Concert Etude ""Un Sospiro""",C# Perfect,57
170,Franz Liszt,"Concert Etude ""Waldesrauschen""",C# Perfect,50
171,Franz Liszt,"Concert Etude ""Waldesrauschen""",C# Perfect,46
172,Franz Liszt,"Concert Etude No. 2 ""Gnomenreigen""",F# minor,32
173,Franz Liszt,"Concert Etude No. 2 La Leggierezza, S. 144",C Minor,33
174,Franz Liszt,"Concert Etude No. 2, ""Gnomenreigen"", S. 145/2",F# Perfect,32
175,Franz Liszt,"Concert Etude No. 2, ""La Leggierezza"", S. 144/2",C Minor,46
176,Franz Liszt,"Concert Etude No. 2, ""La Leggierezza"", S. 144/2",C# Diminished,44
177,Franz Liszt,"Concert Etude No. 2, “La leggierezza"", S. 144",F Minor,43
178,Franz Liszt,"Concert Etude No. 3 in D-flat Major, ""Un Sospiro"", S. 144/3",C# Perfect,98
179,Franz Liszt,"Concert Etude No. 3 in D-flat Major, ""Un Sospiro"", S. 144/3",C# Perfect,64
180,Franz Liszt,Dante Sonata,D Perfect,130
181,Franz Liszt,Dante Sonata,D Perfect,147
182,Franz Liszt,Dante Sonata,D Perfect,116
183,Franz Liszt,Dante Sonata,D Perfect,119
184,Franz Liszt,Dante Sonata,D Perfect,138
185,Franz Liszt,Funerailles,C# Perfect,95
186,Franz Liszt,Funerailles,C Perfect,104
187,Franz Liszt,"Grandes Etudes de Paganini, S. 141",E- Perfect,192
188,Franz Liszt,"Grandes ètudes de Paganini No. 3 ""La Campanella"", S. 141",E- Perfect,123
189,Franz Liszt,"Grandes ètudes de Paganini No. 3 ""La Campanella"", S. 141",E- Perfect,139
190,Franz Liszt,"Grandes ètudes de Paganini No. 3 La Campanella, S. 141",E- Perfect,123
191,Franz Liszt,"Grandes études de Paganini, No. 3 ""La campanella"", S.141/3",E- Perfect,128
192,Franz Liszt,"Grandes études de Paganini, No. 3 ""La campanella"", S.141/3",E- Perfect,140
193,Franz Liszt,"Grandes études de Paganini, No. 3 ""La campanella"", S.141/3",E- Perfect,100
194,Franz Liszt,Hungarian Rhapsody,C# Perfect,123
195,Franz Liszt,"Hungarian Rhapsody No. 10 in E-flat Major, S. 244/10",E Perfect,54
196,Franz Liszt,"Hungarian Rhapsody No. 10, S. 244/10",E Perfect,58
197,Franz Liszt,"Hungarian Rhapsody No. 12, S. 244/12",C# Perfect,103
198,Franz Liszt,Hungarian Rhapsody No. 13 (arr. Volodos),A Perfect,52
199,Franz Liszt,"Hungarian Rhapsody No. 13, S. 244/13",D Minor,68
200,Franz Liszt,Hungarian Rhapsody No. 15 in A Minor,A Minor,53
201,Franz Liszt,"Hungarian Rhapsody No. 2 in C-sharp Minor, S. 244/2",C# Perfect,159
202,Franz Liszt,"Hungarian Rhapsody No. 6, S.244/6",D Perfect,93
203,Franz Liszt,"Hungarian Rhapsody No. 6, S.244/6",D Perfect,73
204,Franz Liszt,Hungarian Rhapsody No. 9,E- major,174
205,Franz Liszt,"Hungarian Rhapsody No. 9 in E-flat Major, S. 244",E- major,191
206,Franz Liszt,"Hungarian Rhapsody, No. 12",C# Perfect,127
207,Franz Liszt,Mephisto Waltz,A major,94
208,Franz Liszt,Mephisto Waltz No. 1,A major,101
209,Franz Liszt,Mephisto Waltz No. 1,A major,96
210,Franz Liszt,Mephisto Waltz No. 1,A major,99
211,Franz Liszt,Mephisto Waltz No. 1,A major,68
212,Franz Liszt,"Mephisto Waltz No. 1, S.514",A major,79
213,Franz Liszt,"Mephisto Waltz No. 1, S.514",A major,102
214,Franz Liszt,Mephisto-Waltz No. 1,A major,100
215,Franz Liszt,"Paganini Etude No. 3, S. 141/3 ""La Campanella""",E- Perfect,103
216,Franz Liszt,"Paganini Etude No. 3, S. 141/3 ""La Campanella""",E- Perfect,121
217,Franz Liszt,"Paraphrase de concert sur Rigoletto, S.434",C# Perfect,67
218,Franz Liszt,Polonaise in E Major,E major,77
219,Franz Liszt,Rem. of Don Juan,B- major,121
220,Franz Liszt,Rhapsodie Espagnole,D major,107
221,Franz Liszt,Rhapsodie Espagnole,D major,80
222,Franz Liszt,Rhapsodie Espagnole S.254,C# Major,114
223,Franz Liszt,"Rhapsodie Espagnole, S. 254",C# Major,94
224,Franz Liszt,"Rhapsodie Espagnole, S. 254",C# Major,95
225,Franz Liszt,"Rhapsodie Espagnole, S. 254",C# Major,106
226,Franz Liszt,"Rhapsodie Espagnole, S. 254",C# Major,109
227,Franz Liszt,"Rhapsodie Espagnole, S.254",F# Minor,92
228,Franz Liszt,Rhapsody Esp.,D major,101
229,Franz Liszt,Rhapsody Esp.,D major,92
230,Franz Liszt,Rigoletto Paraphrase,C# Perfect,74
231,Franz Liszt,"Rigoletto Paraphrase, S. 434",C# Perfect,79
232,Franz Liszt,Rigoletto-Paraphrase,C# Perfect,82
233,Franz Liszt,"Réminiscences de Don Juan, S.418",A major,147
234,Franz Liszt,"Sonata In B Minor, S. 178",E- enharmonic,115
235,Franz Liszt,Sonata in B Min.,A Perfect,146
236,Franz Liszt,Sonata in B Min.,E- enharmonic,120
237,Franz Liszt,"Sonata in B Minor, S. 178",E- enharmonic,117
238,Franz Liszt,"Sonata in B Minor, S. 178",A Perfect,139
239,Franz Liszt,"Sonata in B Minor, S. 178",E- enharmonic,131
240,Franz Liszt,"Sonata in B Minor, S. 178",A Perfect,134
241,Franz Liszt,Sonetto 104 del Petrarca,E Perfect,30
242,Franz Liszt,Sonetto 104 del Petrarca,E Perfect,30
243,Franz Liszt,Sonetto 123 del Petrarca,G# Diminished,69
244,Franz Liszt,Spanish Rhapsody,D major,93
245,Franz Liszt,Spanish Rhapsody,F# Minor,103
246,Franz Liszt,Tarantella,G Minor,67
247,Franz Liszt,Tarantella from Annees de Pelerinage 2eme Annee,G Major,60
248,Franz Liszt,"Tarantella, S. 162 No. 3 from Venezia e Napoli",G minor,64
249,Franz Liszt,"Tarantella, Venezia e Napoli in G Minor, S.159",G minor,60
250,Franz Liszt,"Tarantelle di Bravura, S. 386",B Perfect,138
251,Franz Liszt,"Transcendental Etude No. 1 ""Prelude""",C Major,30
252,Franz Liszt,"Transcendental Etude No. 1, “Preludio""",C Major,26
253,Franz Liszt,Transcendental Etude No. 10 in F Minor,G# Diminished,42
254,Franz Liszt,"Transcendental Etude No. 10 in F Minor ""Appassionata""",C# Perfect,51
255,Franz Liszt,"Transcendental Etude No. 10 in F Minor, S. 139/10",F enharmonic,41
256,Franz Liszt,"Transcendental Etude No. 11 ""Harmonies du Soir""",C# Perfect,69
257,Franz Liszt,"Transcendental Etude No. 12 ""Chasse-neige""",B- enharmonic,81
258,Franz Liszt,"Transcendental Etude No. 12 ""Chasse-neige""",F Diminished,47
259,Franz Liszt,"Transcendental Etude No. 2, “Molto vivace""",A minor,38
260,Franz Liszt,"Transcendental Etude No. 3 ""Paysage""",F Major,36
261,Franz Liszt,"Transcendental Etude No. 4 ""Mazeppa""",A multiple,59
262,Franz Liszt,"Transcendental Etude No. 4, ""Mazeppa""",D major,54
263,Franz Liszt,"Transcendental Etude No. 5 ""Feux Follets""",G# diminished,48
264,Franz Liszt,"Transcendental Etude No. 5 ""Feux Follets""",B- major,40
265,Franz Liszt,"Transcendental Etude No. 5 ""Feux Follets""",F# diminished,59
266,Franz Liszt,"Transcendental Etude No. 5 “Feux Follets,” S.139, No. 5",G# diminished,45
267,Franz Liszt,"Transcendental Etude No. 5, ""Feux Follets"", S. 139/5",B- augmented,46
268,Franz Liszt,"Transcendental Etude No. 8 ""Wilde Jagd""",C major,63
269,Franz Liszt,"Transcendental Etude No. 8 ""Wilde Jagd""",G Perfect,40
270,Franz Liszt,"Transcendental Etude No. 8, ""Wilde Jagd"", S. 139/8",C major,48
271,Franz Liszt,"Transcendental Etude No. 9, 'Ricordanza'",C Major,100
272,Franz Liszt,"Tristan and Isolde - Liebestod, S.447",E Perfect,59
273,Franz Liszt,"Trois Etudes de Concert ""La leggierezza"", S.144",C Minor,36
274,Franz Liszt,"Valse de l'opera Faust de Charles Gounod, S.407",D major,116
275,Franz Liszt,"Valse de l'opera Faust de Charles Gounod, S.407",F Major,120
276,Franz Liszt,"Valse-Impromptu, S. 213",E- Perfect,63
277,Franz Liszt,Venezia e Napoli,C# Diminished,186
278,Franz Liszt,Venezia e Napoli,D Minor,78
279,Franz Liszt,Venezia e Napoli,G major,32
280,Franz Liszt,"Venezia e Napoli, S. 162",C# Diminished,173
281,Franz Liszt,"Venezia e Napoli, S.162 (Complete)",C# Diminished,193
282,Franz Liszt,"Études d'exécution transcendante, No. 10 in F Minor, S.139/10",C# Perfect,54
283,Franz Liszt,"Études d'exécution transcendante, No. 12, ""Chasse-Neige"" S.139/12",B- Perfect,62
284,Franz Liszt,"Études d'exécution transcendante, No. 4, ""Mazeppa"" S.139/4",A multiple,45
285,Franz Liszt,"Études d'exécution transcendante, No. 4, ""Mazeppa"" S.139/4",D Minor,63
286,Franz Liszt,"Études d'exécution transcendante, No. 5, ""Feux follets"" S.139/5",G# diminished,32
287,Franz Liszt / Camille Saint-Saëns,Danse Macabre S555/R240,D Perfect,96
288,Franz Liszt / Vladimir Horowitz,Hungarian Rhapsody No. 15 (Horowitz edition),A Perfect,62
289,Franz Liszt / Vladimir Horowitz,Hungarian Rhapsody No. 2 (Horowitz Edition),C# Perfect,178
290,Franz Schubert,"""Der Mueller und der Bach""",G Perfect,97
291,Franz Schubert,"""Erlkoenig""",G Perfect,143
292,Franz Schubert,"""Gretchen am Spinnrade""",A Perfect,54
293,Franz Schubert,"Fantasia in C Major, ""Wanderer"", D. 760",C major,121
294,Franz Schubert,Impromptu Op. 142 No. 1 F Minor,F Perfect,98
295,Franz Schubert,Impromptu Op. 142 No. 1 in F Minor,F Perfect,84
296,Franz Schubert,"Impromptu Op. 142 No. 1 in F Minor, D. 935",E- Perfect,83
297,Franz Schubert,"Impromptu Op. 142 No. 1 in F Minor, D. 935",F Perfect,98
298,Franz Schubert,"Impromptu Op. 142 No. 1 in F Minor, D935",F Perfect,90
299,Franz Schubert,"Impromptu Op. 142 No. 1, in F Minor, D935",F Perfect,87
300,Franz Schubert,"Impromptu Op. 142 No. 3 in B-Flat Major, D935",B- Perfect,106
301,Franz Schubert,Impromptu Op. 142 No. 3 in B-flat Major,B- Perfect,74
302,Franz Schubert,Impromptu Op. 142 No. 3 in B-flat Major,B- Perfect,104
303,Franz Schubert,Impromptu Op. 142 No. 3 in B-flat Major,B- Perfect,119
304,Franz Schubert,Impromptu Op. 142 No. 3 in B-flat Major,B- Perfect,67
305,Franz Schubert,"Impromptu Op. 142 No. 3 in B-flat Major, D. 935",B- Perfect,97
306,Franz Schubert,"Impromptu Op. 142 No. 3 in B-flat Major, D. 935",B- enharmonic,76
307,Franz Schubert,"Impromptu Op. 142 No. 3 in B-flat Major, D935",B- Perfect,99
308,Franz Schubert,"Impromptu Op. 142 No. 3 in B-flat Major, D935",B- Perfect,69
309,Franz Schubert,"Impromptu Op. 142 No. 3 in B-flat Major, D935",B- enharmonic,66
310,Franz Schubert,"Impromptu Op. 142 No. 3 in B-flat Major, D935",B- Perfect,88
311,Franz Schubert,"Impromptu Op. 142 No. 3, in B-Flat Major, D935",B- Perfect,111
312,Franz Schubert,"Impromptu Op. 142 No. 3, in B-Flat Major, D935",B- Perfect,117
313,Franz Schubert,"Impromptu Op. 142 No. 3, in B-Flat Major, D935",B- Perfect,62
314,Franz Schubert,"Impromptu Op. 142 No. 3, in B-Flat Major, D935",B- Perfect,65
315,Franz Schubert,"Impromptu Op. 142 No. 4 in F Minor, D. 935",C Perfect,113
316,Franz Schubert,"Impromptu Op. 142 No. 4, in F Minor, D935",C Perfect,95
317,Franz Schubert,Impromptu Op. 90 No. 1,G Perfect,202
318,Franz Schubert,Impromptu Op. 90 No. 1 in C Minor,G Perfect,203
319,Franz Schubert,Impromptu Op. 90 No. 1 in C Minor,G Perfect,193
320,Franz Schubert,"Impromptu Op. 90 No. 1 in C Minor, D. 899",G Perfect,207
321,Franz Schubert,"Impromptu Op. 90 No. 1, in C Minor, D899",G Perfect,188
322,Franz Schubert,"Impromptu Op. 90 No. 1, in C Minor, D899",G Perfect,197
323,Franz Schubert,Impromptu Op. 90 No. 2,G# Diminished,100
324,Franz Schubert,Impromptu Op. 90 No. 2 E-flat Major,G# Diminished,77
325,Franz Schubert,Impromptu Op. 90 No. 2 in E-flat Major,G# Diminished,111
326,Franz Schubert,Impromptu Op. 90 No. 2 in E-flat Major,G# Diminished,91
327,Franz Schubert,"Impromptu Op. 90 No. 2 in E-flat Major, D. 899",G# Diminished,127
328,Franz Schubert,"Impromptu Op. 90 No. 2 in E-flat Major, D899",G# Diminished,111
329,Franz Schubert,Impromptu Op. 90 No. 3 in G-flat,B- Diminished,56
330,Franz Schubert,Impromptu Op. 90 No. 3 in G-flat Major,E- Perfect,28
331,Franz Schubert,Impromptu Op. 90 No. 3 in G-flat Major,E- Diminished,28
332,Franz Schubert,Impromptu Op. 90 No. 3 in G-flat Major,F# Perfect,38
333,Franz Schubert,Impromptu Op. 90 No. 3 in G-flat Major,F# Augmented,54
334,Franz Schubert,Impromptu Op. 90 No. 3 in G-flat Major,F# Perfect,42
335,Franz Schubert,"Impromptu Op. 90 No. 3 in G-flat Major, D. 899",F# Perfect,42
336,Franz Schubert,"Impromptu Op. 90 No. 3 in G-flat Major, D. 899",B- Diminished,69
337,Franz Schubert,"Impromptu Op. 90 No. 3 in G-flat Major, D899",F# Perfect,35
338,Franz Schubert,"Impromptu Op. 90 No. 3, in G-flat Major, D899",B- Diminished,67
339,Franz Schubert,"Impromptu Op. 90 No. 3, in G-flat Major, D899",B- Diminished,87
340,Franz Schubert,Impromptu Op. 90 No. 4 in A-flat Major,C Diminished,107
341,Franz Schubert,Impromptu Op. 90 No. 4 in A-flat Major,C Diminished,116
342,Franz Schubert,Impromptu Op. 90 No. 4 in A-flat Major,C Minor,46
343,Franz Schubert,Impromptu Op. 90 No. 4 in A-flat Major,E- Augmented,109
344,Franz Schubert,Impromptu Op. 90 No. 4 in A-flat Major,E- Augmented,108
345,Franz Schubert,"Impromptu Op. 90, No. 3, in G-flat Major, D899",B- Diminished,65
346,Franz Schubert,"Impromptu Op.142 No.3, in B-Flat Major, D935",B- Perfect,68
347,Franz Schubert,Impromptus Op. 90,G# Diminished,141
348,Franz Schubert,"Impromptus Op. 90, No. 3",F# Augmented,43
349,Franz Schubert,Moment Musical Op. 94 No. 1 in C Major,D Perfect,51
350,Franz Schubert,"Moment Musical Op. 94 No. 4 in C-sharp Minor, D780",F enharmonic,64
351,Franz Schubert,"Moment Musical Op. 94 No. 4, in C-sharp Minor, D780",F enharmonic,70
352,Franz Schubert,"Moment Musicaux in F Minor, Op. 94 No. 3",F Perfect,43
353,Franz Schubert,Son. in Bb D.960,B- major,114
354,Franz Schubert,Son. in Bb D.960,D minor,100
355,Franz Schubert,Son. in Bb D.960,B- major,89
356,Franz Schubert,Son. in Bb D.961,E Major,53
357,Franz Schubert,Son. in Bb D.961,E Major,50
358,Franz Schubert,Son. in Bb D.961,E Major,44
359,Franz Schubert,Son. in Bb D.962,B- Perfect,123
360,Franz Schubert,Son. in Bb D.962,B- Perfect,124
361,Franz Schubert,Son. in Bb D.962,B- Perfect,124
362,Franz Schubert,Sonata in A D959,A Major,64
363,Franz Schubert,Sonata in A D959,E major,68
364,Franz Schubert,Sonata in A D959,E major,67
365,Franz Schubert,Sonata in A D960,F enharmonic,37
366,Franz Schubert,Sonata in A D960,F enharmonic,32
367,Franz Schubert,Sonata in A D960,F enharmonic,31
368,Franz Schubert,Sonata in A D961,A Perfect,115
369,Franz Schubert,Sonata in A D961,A major,74
370,Franz Schubert,Sonata in A D961,A Perfect,122
371,Franz Schubert,Sonata in A D962,E Perfect,98
372,Franz Schubert,"Sonata in A Major, D. 664 (Complete)",A Perfect,116
373,Franz Schubert,"Sonata in A Major, D. 664, I. Allegro moderato",A Perfect,52
374,Franz Schubert,"Sonata in A Major, D. 959 (Complete)",E Major,167
375,Franz Schubert,"Sonata in A Major, D. 959 (Complete)",A Perfect,204
376,Franz Schubert,"Sonata in A Major, D. 959 (Complete)",A Perfect,205
377,Franz Schubert,"Sonata in A Major, D959",A major,191
378,Franz Schubert,"Sonata in A Major, Op. 120, I. Allegro moderato",A Perfect,54
379,Franz Schubert,Sonata in A Min.,C Perfect,77
380,Franz Schubert,Sonata in A Min.,G Perfect,133
381,Franz Schubert,Sonata in A Min.,E major,60
382,Franz Schubert,Sonata in A Min.,E Perfect,75
383,Franz Schubert,Sonata in A Min.,C Perfect,114
384,Franz Schubert,Sonata in A Min.,G Perfect,144
385,Franz Schubert,Sonata in A Min.,A Perfect,57
386,Franz Schubert,Sonata in A Min.,A Perfect,88
387,Franz Schubert,"Sonata in A Minor, D. 537, I. Allegro ma non troppo",A Perfect,54
388,Franz Schubert,"Sonata in A Minor, D. 845",C Perfect,89
389,Franz Schubert,"Sonata in A Minor, D. 846",G Perfect,91
390,Franz Schubert,"Sonata in A Minor, D. 847",E major,45
391,Franz Schubert,"Sonata in A Minor, D. 848",A Perfect,66
392,Franz Schubert,"Sonata in A Minor, D784",A Perfect,129
393,Franz Schubert,"Sonata in A Minor, D845",A Perfect,233
394,Franz Schubert,"Sonata in A minor, D. 845 (Complete)",C Perfect,214
395,Franz Schubert,Sonata in B-flat Major D. 960,D minor,110
396,Franz Schubert,Sonata in B-flat Major D. 961,E Major,41
397,Franz Schubert,Sonata in B-flat Major D. 962,F enharmonic,42
398,Franz Schubert,Sonata in B-flat Major D. 963,B- Perfect,86
399,Franz Schubert,"Sonata in B-flat Major, D. 960",D minor,110
400,Franz Schubert,"Sonata in B-flat Major, D. 960 (Complete)",B- Perfect,189
401,Franz Schubert,"Sonata in B-flat Major, D. 960 (Complete)",B- major,233
402,Franz Schubert,"Sonata in B-flat Major, D. 961",E Major,27
403,Franz Schubert,"Sonata in B-flat Major, D. 962",F Diminished,50
404,Franz Schubert,"Sonata in B-flat Major, D. 963",B- Perfect,89
405,Franz Schubert,"Sonata in B-flat Major, D960",B- major,120
406,Franz Schubert,"Sonata in B-flat Major, D960",E Major,51
407,Franz Schubert,"Sonata in B-flat Major, D960",F enharmonic,41
408,Franz Schubert,"Sonata in B-flat Major, D960",B- Perfect,100
409,Franz Schubert,"Sonata in B-flat Major, D960",D minor,108
410,Franz Schubert,"Sonata in B-flat Major, D960",E Major,47
411,Franz Schubert,"Sonata in B-flat Major, D960",B- Major,49
412,Franz Schubert,"Sonata in B-flat Major, D960",G Perfect,98
413,Franz Schubert,"Sonata in B-flat Major, D960",B- Perfect,208
414,Franz Schubert,"Sonata in B-flat Major, D960",B- Perfect,242
415,Franz Schubert,"Sonata in C  Minor, D. 958",C Perfect,56
416,Franz Schubert,"Sonata in C  Minor, D. 959",F Perfect,27
417,Franz Schubert,"Sonata in C  Minor, D. 960",E- Perfect,50
418,Franz Schubert,"Sonata in C  Minor, D. 961",C Perfect,112
419,Franz Schubert,"Sonata in C Major, D840",G Perfect,88
420,Franz Schubert,"Sonata in C Major, D841",G Perfect,68
421,Franz Schubert,"Sonata in C Major, D842",C enharmonic,64
422,Franz Schubert,"Sonata in C Major, D843",C major,104
423,Franz Schubert,"Sonata in C Minor, D. 958",C Perfect,57
424,Franz Schubert,"Sonata in C Minor, D. 958",C Perfect,64
425,Franz Schubert,"Sonata in C Minor, D. 958 (Complete)",E- Perfect,180
426,Franz Schubert,"Sonata in C Minor, D. 958 (Complete)",C Perfect,202
427,Franz Schubert,"Sonata in C Minor, D. 959",F Perfect,28
428,Franz Schubert,"Sonata in C Minor, D. 959",C Major,35
429,Franz Schubert,"Sonata in C Minor, D. 960",E- Perfect,35
430,Franz Schubert,"Sonata in C Minor, D. 960",E- Perfect,34
431,Franz Schubert,"Sonata in C Minor, D. 961",C Perfect,116
432,Franz Schubert,"Sonata in C Minor, D. 961",C Perfect,102
433,Franz Schubert,"Sonata in C Minor, D958",C Minor,83
434,Franz Schubert,"Sonata in C Minor, D958",F Perfect,29
435,Franz Schubert,"Sonata in C Minor, D958",C Perfect,138
436,Franz Schubert,"Sonata in C Minor, D958",C Perfect,52
437,Franz Schubert,"Sonata in C Minor, D958",E- Perfect,29
438,Franz Schubert,"Sonata in C Minor, D958",C Perfect,113
439,Franz Schubert,"Sonata in C Minor, D958",C Perfect,61
440,Franz Schubert,"Sonata in C Minor, D958",E- Perfect,40
441,Franz Schubert,"Sonata in C Minor, D958",E- Perfect,34
442,Franz Schubert,"Sonata in C Minor, D958",C Perfect,103
443,Franz Schubert,"Sonata in C Minor, D958",C Perfect,211
444,Franz Schubert,"Sonata in C Minor, D958",C Perfect,205
445,Franz Schubert,"Sonata in C Minor, D958",C Perfect,187
446,Franz Schubert,"Sonata in C Minor, D958",C Perfect,192
447,Franz Schubert,"Sonata in C major, D. 840 (Complete)",G Perfect,227
448,Franz Schubert,"Sonata in D Major, D. 850 (Complete)",D major,247
449,Franz Schubert,"Sonata in D Major, D850",A Perfect,101
450,Franz Schubert,"Sonata in D Major, D850",A major,84
451,Franz Schubert,"Sonata in D Major, D850",D major,69
452,Franz Schubert,"Sonata in D Major, D850",G Perfect,80
453,Franz Schubert,"Sonata in D Major, D850",D major,324
454,Franz Schubert,Sonata in G Major D894,G Perfect,214
455,Franz Schubert,Sonata in G Major D894,G Perfect,242
456,Franz Schubert,Sonata in G Major D894,G Perfect,229
457,Franz Schubert,"Sonata in G Major, D 894",G Perfect,86
458,Franz Schubert,"Sonata in G Major, D 894",A Perfect,53
459,Franz Schubert,"Sonata in G Major, D 894",B minor,61
460,Franz Schubert,"Sonata in G Major, D 894",G major,125
461,Franz Schubert,"Sonata in G Major, D. 894",G Perfect,101
462,Franz Schubert,"Sonata in G Major, D. 894",G Perfect,94
463,Franz Schubert,"Sonata in G Major, D. 895",A Perfect,63
464,Franz Schubert,"Sonata in G Major, D. 895",A Perfect,65
465,Franz Schubert,"Sonata in G Major, D. 896",B minor,64
466,Franz Schubert,"Sonata in G Major, D. 896",B minor,62
467,Franz Schubert,"Sonata in G Major, D. 897",G major,114
468,Franz Schubert,"Sonata in G Major, D. 897",G major,117
469,Franz Schubert,"Sonata in G Major, D894",G Perfect,99
470,Franz Schubert,"Sonata in G Major, D894",D Perfect,155
471,Franz Schubert,"Sonata in G Major, D894",G Perfect,64
472,Franz Schubert,"Sonata in G Major, D894",A Perfect,45
473,Franz Schubert,"Sonata in G Major, D894",G major,149
474,Franz Schubert,Valse-Caprice No. 6 from Soirees de Vienne,A Perfect,62
475,Franz Schubert,Wanderer Fantasy,G# Perfect,126
476,Franz Schubert / Franz Liszt,Der Mueller und der Bach,G Perfect,70
477,Franz Schubert / Franz Liszt,Die Forelle,C# Perfect,75
478,Franz Schubert / Franz Liszt,"Fruelingsglaube, Die Junge Nonne",F enharmonic,181
479,Franz Schubert / Franz Liszt,Gretchen am Spinnrade,F Minor,66
480,Franz Schubert / Franz Liszt,"Song Transcriptions: Aufenthalt, Gretchen am Spinnrade, Standchen von Shakespeare, Der Erlkonig",E minor,82
481,Franz Schubert / Franz Liszt,"Song Transcriptions: Aufenthalt, Gretchen am Spinnrade, Standchen von Shakespeare, Der Erlkonig",F Minor,57
482,Franz Schubert / Franz Liszt,"Song Transcriptions: Aufenthalt, Gretchen am Spinnrade, Standchen von Shakespeare, Der Erlkonig",B- major,61
483,Franz Schubert / Franz Liszt,"Song Transcriptions: Aufenthalt, Gretchen am Spinnrade, Standchen von Shakespeare, Der Erlkonig",G Perfect,114
484,Franz Schubert / Franz Liszt,"Staendchen from Schwannengesang, R245/7",D Perfect,86
485,Franz Schubert / Franz Liszt,"Standchen, S. 558, NO. 9, ""Horch, horch! Die Lerch""",B- major,74
486,Franz Schubert / Leopold Godowsky,Moment Musical Op. 94 No. 3 in F-sharp Minor,F# Perfect,26
487,Fritz Kreisler / Sergei Rachmaninoff,Liebesfreud,C major,69
488,Frédéric Chopin,"12 Etudes, Op. 25",C# Perfect,140
489,Frédéric Chopin,"12 Etudes, Op. 25",C major,72
490,Frédéric Chopin,"24 Preludes, Op. 28",E- Perfect,147
491,Frédéric Chopin,"Andante Spianato and Grand Polonaise Brilliante, Op. 22",G Perfect,117
492,Frédéric Chopin,"Andante Spianato and Grand Polonaise Brilliante, Op. 22",G Perfect,116
493,Frédéric Chopin,"Andante Spianato and Grande Polonaise Brillante, Op. 22",G Perfect,128
494,Frédéric Chopin,"Andante Spianato and Grande Polonaise Brillante, Op. 22",G Perfect,118
495,Frédéric Chopin,"Andante Spianato et Grande Polonaise Brillante, Op. 22",G Perfect,146
496,Frédéric Chopin,"Andante Spianato et Grande Polonaise Brillante, Op. 22",G Perfect,131
497,Frédéric Chopin,"Andante spianato e grande polonaise, Op. 22",G Perfect,116
498,Frédéric Chopin,"Andante spianato e grande polonaise, Op. 22",G Perfect,125
499,Frédéric Chopin,"Andante spianato et grande polonaise brillante, Op. 22",G Major,102
500,Frédéric Chopin,"Andante spianato et grande polonaise brillante, Op. 22",G Perfect,133
501,Frédéric Chopin,"Andante spianato et grande polonaise brillante, Op. 22",G Perfect,124
502,Frédéric Chopin,"Andante spianato et grande polonaise brillante, Op. 22",E- major,109
503,Frédéric Chopin,Ballade 4 Op. 52,G# Diminished,62
504,Frédéric Chopin,"Ballade No. 1 in G Minor, Op. 23",G Perfect,65
505,Frédéric Chopin,"Ballade No. 1 in G Minor, Op. 23",G minor,74
506,Frédéric Chopin,"Ballade No. 1 in G Minor, Op. 23",G Perfect,55
507,Frédéric Chopin,"Ballade No. 1 in G Minor, Op. 23",G minor,70
508,Frédéric Chopin,"Ballade No. 1 in G Minor, Op. 23",G minor,61
509,Frédéric Chopin,"Ballade No. 1 in G Minor, Op. 23",G minor,51
510,Frédéric Chopin,"Ballade No. 1 in G Minor, Op. 23",G minor,63
511,Frédéric Chopin,"Ballade No. 1 in G Minor, Op. 23",G minor,60
512,Frédéric Chopin,"Ballade No. 1 in G Minor, Op. 23",G minor,61
513,Frédéric Chopin,"Ballade No. 1 in G Minor, Op. 23",G Perfect,67
514,Frédéric Chopin,Ballade No. 2 in F Major,F major,62
515,Frédéric Chopin,"Ballade No. 2 in F Major, Op. 38",A Perfect,58
516,Frédéric Chopin,"Ballade No. 2 in F Major, Op. 38",F Perfect,47
517,Frédéric Chopin,"Ballade No. 2 in F Major, Op. 38",A Perfect,47
518,Frédéric Chopin,"Ballade No. 3 in A-flat Major, Op. 47",E- Perfect,63
519,Frédéric Chopin,"Ballade No. 3 in A-flat Major, Op. 47",G# Perfect,53
520,Frédéric Chopin,"Ballade No. 4 in F Minor, Op. 52",F Perfect,60
521,Frédéric Chopin,"Ballade No. 4 in F Minor, Op. 52",F enharmonic,63
522,Frédéric Chopin,"Ballade No. 4 in F Minor, Op. 52",C# Diminished,50
523,Frédéric Chopin,"Ballade No. 4 in F Minor, Op. 52",C Major,55
524,Frédéric Chopin,"Ballade No. 4 in F Minor, Op. 52",C Major,53
525,Frédéric Chopin,"Ballade No. 4 in F Minor, Op. 52",C# Diminished,57
526,Frédéric Chopin,"Ballade No. 4 in F minor, Op. 52",F enharmonic,56
527,Frédéric Chopin,Barcarolle in F#,C# Perfect,64
528,Frédéric Chopin,"Barcarolle in F-sharp Major, Op. 60",F# Perfect,69
529,Frédéric Chopin,"Barcarolle, Op. 60",C# Perfect,74
530,Frédéric Chopin,"Barcarolle, Op. 60",C# Perfect,68
531,Frédéric Chopin,"Barcarolle, Op. 60",C# Perfect,69
532,Frédéric Chopin,"Barcarolle, Op. 60",C# Perfect,61
533,Frédéric Chopin,Berceuse Op. 57,F# Augmented,72
534,Frédéric Chopin,Berceuse Op. 57 in D-flat Major,F# Augmented,59
535,Frédéric Chopin,"Berceuse in D-Flat Major, Op. 57",F# Augmented,33
536,Frédéric Chopin,"Berceuse, Op. 57",F# Augmented,46
537,Frédéric Chopin,"Berceuse, Op. 57",F Diminished,46
538,Frédéric Chopin,"Complete Etudes, Opus 25",C enharmonic,151
539,Frédéric Chopin,"Complete Etudes, Opus 25",C Perfect,103
540,Frédéric Chopin,Etude Op. 10 No. 1,C Perfect,76
541,Frédéric Chopin,Etude Op. 10 No. 1,C Perfect,63
542,Frédéric Chopin,Etude Op. 10 No. 1,C Perfect,69
543,Frédéric Chopin,Etude Op. 10 No. 1,C Perfect,69
544,Frédéric Chopin,Etude Op. 10 No. 1,C Major,59
545,Frédéric Chopin,Etude Op. 10 No. 1 in C Major,C Perfect,71
546,Frédéric Chopin,Etude Op. 10 No. 1 in C Major,C Perfect,69
547,Frédéric Chopin,Etude Op. 10 No. 1 in C Major,C Perfect,76
548,Frédéric Chopin,Etude Op. 10 No. 10 in A-flat Major,G# Diminished,22
549,Frédéric Chopin,Etude Op. 10 No. 12,E- Minor,84
550,Frédéric Chopin,Etude Op. 10 No. 12,E- Minor,70
551,Frédéric Chopin,Etude Op. 10 No. 12,E- Minor,82
552,Frédéric Chopin,Etude Op. 10 No. 12,E- Minor,76
553,Frédéric Chopin,Etude Op. 10 No. 12 in C Minor,E- Minor,73
554,Frédéric Chopin,Etude Op. 10 No. 2,C Minor,38
555,Frédéric Chopin,Etude Op. 10 No. 2,C Minor,24
556,Frédéric Chopin,Etude Op. 10 No. 2 in A Minor,C Minor,32
557,Frédéric Chopin,Etude Op. 10 No. 4,C# minor,24
558,Frédéric Chopin,Etude Op. 10 No. 4,C# minor,23
559,Frédéric Chopin,Etude Op. 10 No. 4 in C-Sharp Minor,C# Diminished,25
560,Frédéric Chopin,Etude Op. 10 No. 4 in C-Sharp Minor,C# minor,24
561,Frédéric Chopin,Etude Op. 10 No. 4 in C-Sharp Minor,C# Diminished,24
562,Frédéric Chopin,Etude Op. 10 No. 4 in C-sharp Minor,G# Major,27
563,Frédéric Chopin,Etude Op. 10 No. 4 in C-sharp Minor,G# Major,20
564,Frédéric Chopin,Etude Op. 10 No. 4 in C-sharp Minor,C# minor,23
565,Frédéric Chopin,Etude Op. 10 No. 4 in C-sharp Minor,G# Major,21
566,Frédéric Chopin,Etude Op. 10 No. 5 in G-flat Major,C# Perfect,56
567,Frédéric Chopin,Etude Op. 10 No. 5 in G-flat Major,C# Perfect,70
568,Frédéric Chopin,Etude Op. 10 No. 5 in G-flat Major,C# Perfect,67
569,Frédéric Chopin,Etude Op. 10 No. 8,A Major,69
570,Frédéric Chopin,Etude Op. 10 No. 8,A Major,77
571,Frédéric Chopin,Etude Op. 10 No. 8 in F Major,A Major,60
572,Frédéric Chopin,Etude Op. 10 No. 8 in F Major,A Major,61
573,Frédéric Chopin,Etude Op. 10 No. 8 in F Major,A Major,63
574,Frédéric Chopin,Etude Op. 25 No. 1,C enharmonic,98
575,Frédéric Chopin,Etude Op. 25 No. 1,C enharmonic,72
576,Frédéric Chopin,Etude Op. 25 No. 1 in A-flat Major,C Major,57
577,Frédéric Chopin,Etude Op. 25 No. 1 in A-flat Major,C enharmonic,70
578,Frédéric Chopin,Etude Op. 25 No. 10,C# multiple,34
579,Frédéric Chopin,Etude Op. 25 No. 10 in B Minor,F# Perfect,32
580,Frédéric Chopin,Etude Op. 25 No. 10 in B Minor,F# Perfect,36
581,Frédéric Chopin,Etude Op. 25 No. 10 in B Minor,F# Perfect,32
582,Frédéric Chopin,Etude Op. 25 No. 11,A Perfect,83
583,Frédéric Chopin,Etude Op. 25 No. 11,A Perfect,66
584,Frédéric Chopin,Etude Op. 25 No. 11,A Perfect,53
585,Frédéric Chopin,Etude Op. 25 No. 11 in A Minor,A Perfect,83
586,Frédéric Chopin,Etude Op. 25 No. 11 in A Minor,A Perfect,67
587,Frédéric Chopin,Etude Op. 25 No. 11 in A Minor,A Perfect,78
588,Frédéric Chopin,Etude Op. 25 No. 11 in A Minor,A Perfect,74
589,Frédéric Chopin,Etude Op. 25 No. 11 in A Minor,A Perfect,68
590,Frédéric Chopin,Etude Op. 25 No. 11 in A Minor,A Perfect,82
591,Frédéric Chopin,Etude Op. 25 No. 12,F enharmonic,72
592,Frédéric Chopin,Etude Op. 25 No. 12,F enharmonic,57
593,Frédéric Chopin,Etude Op. 25 No. 12 in C Minor,C Perfect,56
594,Frédéric Chopin,Etude Op. 25 No. 5 in E Minor,E Perfect,42
595,Frédéric Chopin,Etude Op. 25 No. 6,E- Diminished,37
596,Frédéric Chopin,Etude Op. 25 No. 6,E incomplete,26
597,Frédéric Chopin,Etude Op. 25 No. 6 in G-sharp Minor,C# lydian,36
598,Frédéric Chopin,Etude Op. 25 No. 6 in G-sharp Minor,C# lydian,46
599,Frédéric Chopin,"Etude in A Minor, Op. 25, No. 11",A Perfect,88
600,Frédéric Chopin,"Etude in F Major, Op. 10, No. 8",A Major,79
601,Frédéric Chopin,Etudes Op. 10 Nos. 8,G Major,67
602,Frédéric Chopin,Etudes Op. 10 Nos. 9,F Perfect,55
603,Frédéric Chopin,Etudes Op. 25 Nos. 1-5,C Major,83
604,Frédéric Chopin,"Fantasie in F Minor, Op. 49",E- Perfect,62
605,Frédéric Chopin,"Fantasy in F Minor, Op.49",C enharmonic,66
606,Frédéric Chopin,Mazurka Op. 50 No. 3 in C-sharp Minor,F# incomplete,20
607,Frédéric Chopin,Mazurka Op. 6 No. 2 in C-sharp Minor,C enharmonic,31
608,Frédéric Chopin,"Mazurka in C-sharp Minor, Op. 50 No. 3",C enharmonic,20
609,Frédéric Chopin,"Mazurka in D Major, Op. 33, No. 2",D major,51
610,Frédéric Chopin,"Mazurka in F Minor, Op. 7, No. 3",F enharmonic,28
611,Frédéric Chopin,"Mazurka in G-sharp Minor, Op. 33, No. 1",E- enharmonic,18
612,Frédéric Chopin,"Mazurkas, Op. 17 (Complete)",C enharmonic,58
613,Frédéric Chopin,Nocturne Op. 15 No. 1 in F Major,C# Augmented,32
614,Frédéric Chopin,Nocturne Op. 27 No. 1 in C-sharp Minor,C# Perfect,22
615,Frédéric Chopin,Nocturne Op. 27 No. 2 in D-flat Major,F# Augmented,28
616,Frédéric Chopin,Nocturne Op. 27 No. 2 in D-flat Major,G# Diminished,23
617,Frédéric Chopin,Nocturne Op. 32 No. 2 in A-flat Major,C Diminished,32
618,Frédéric Chopin,Nocturne Op. 48 No. 1 in C Minor,C Perfect,48
619,Frédéric Chopin,Nocturne Op. 55 No. 2 in E-flat Major,C# Diminished,14
620,Frédéric Chopin,Nocturne Op. 62 No. 1 in B Major,G# Major,59
621,Frédéric Chopin,"Nocturne Op. 62, No. 2",G# Major,24
622,Frédéric Chopin,Nocturne Op. 9 No. 2 in E-flat Major,E- major,31
623,Frédéric Chopin,"Nocturne in B Major, Op. 9, No. 3",C# Diminished,32
624,Frédéric Chopin,"Nocturne in B Major, Op. 9, No. 3",C# Major,28
625,Frédéric Chopin,"Nocturne in C Minor, Op. 48 No. 1",C minor,42
626,Frédéric Chopin,"Nocturne in C-Sharp Minor, Op. Posth.",G# Major,24
627,Frédéric Chopin,"Nocturne in C-sharp Minor, Op. 27 No. 1",C# Perfect,32
628,Frédéric Chopin,Nocturne in Db,G# Augmented,25
629,Frédéric Chopin,Nocturne in Db,C# Perfect,39
630,Frédéric Chopin,"Nocturne in E-flat Major, Op. 55 No. 2",C# Diminished,20
631,Frédéric Chopin,"Nocturne in F-sharp Major, Op. 15, No. 2",C# Perfect,24
632,Frédéric Chopin,Polonaise Op. 26 in E-flat Minor,E- enharmonic,278
633,Frédéric Chopin,Polonaise Op. 44,A Perfect,113
634,Frédéric Chopin,Polonaise Op. 53 in A-flat Major,E- Perfect,135
635,Frédéric Chopin,Polonaise Op. 53 in A-flat Major,E- Perfect,138
636,Frédéric Chopin,Polonaise-Fantasie,G# Diminished,72
637,Frédéric Chopin,Polonaise-Fantasie Op. 61,E- Perfect,67
638,Frédéric Chopin,"Polonaise-Fantasie, Op. 61",G# Diminished,67
639,Frédéric Chopin,"Polonaise-Fantasie, Op. 61",E- Perfect,57
640,Frédéric Chopin,"Preludes, Book II, L 123, VI. Général Lavine - eccentric",D incomplete,29
641,Frédéric Chopin,"Preludes, Op.28",E- Perfect,151
642,Frédéric Chopin,"Rondo in C Minor, Op. 1",G Perfect,62
643,Frédéric Chopin,"Rondo in C minor, Op. 1",G Perfect,65
644,Frédéric Chopin,"Scherzo No. 1 in B Minor, Op. 20",B Perfect,114
645,Frédéric Chopin,"Scherzo No. 1 in B Minor, Op. 20",B Perfect,89
646,Frédéric Chopin,"Scherzo No. 1 in B minor, Op. 20",B Perfect,103
647,Frédéric Chopin,"Scherzo No. 2 in B-Flat Minor, Op.31",C# Perfect,115
648,Frédéric Chopin,"Scherzo No. 2 in B-flat Major, Op. 31",C# Perfect,85
649,Frédéric Chopin,"Scherzo No. 2 in B-flat Major, Op. 31",C# Perfect,90
650,Frédéric Chopin,"Scherzo No. 2 in B-flat Major, Op. 31",C# Perfect,79
651,Frédéric Chopin,"Scherzo No. 2 in B-flat Minor, Op. 31",C# Perfect,68
652,Frédéric Chopin,"Scherzo No. 2 in B-flat Minor, Op. 31",C# Perfect,90
653,Frédéric Chopin,"Scherzo No. 2 in B-flat Minor, Op. 31",C# Perfect,96
654,Frédéric Chopin,"Scherzo No. 2 in B-flat Minor, Op. 31",C# Perfect,103
655,Frédéric Chopin,"Scherzo No. 2 in B-flat Minor, Op. 31",C# Perfect,84
656,Frédéric Chopin,"Scherzo No. 2 in B-flat Minor, Op. 31",C# Perfect,105
657,Frédéric Chopin,"Scherzo No. 2 in B-flat Minor, Op.31",C# Perfect,94
658,Frédéric Chopin,Scherzo No. 3,C# Perfect,55
659,Frédéric Chopin,"Scherzo No. 3 in C-sharp Minor, Op. 39",C# Perfect,48
660,Frédéric Chopin,"Scherzo No. 4  in E Major, Op. 54",C# Major,73
661,Frédéric Chopin,"Scherzo No. 4 in E Major, Op. 54",C# Major,89
662,Frédéric Chopin,"Scherzo No. 4 in E Major, Op. 54",C# Major,86
663,Frédéric Chopin,"Scherzo No. 4 in E Major, Op. 54",C# Major,65
664,Frédéric Chopin,"Scherzo No. 4 in E Major, Op. 54",C# Major,84
665,Frédéric Chopin,"Scherzo No. 4 in E Major, Op. 54",C# Major,90
666,Frédéric Chopin,"Scherzo No. 4 in E Major, Op. 54",C# Major,75
667,Frédéric Chopin,"Scherzo No. 4 in E Major, Op. 54",C# Major,88
668,Frédéric Chopin,"Scherzo No. 4 in E Major, Op. 54",C# Major,74
669,Frédéric Chopin,"Scherzo No. 4 in E Major, Op. 54",C# Major,78
670,Frédéric Chopin,"Scherzo No. 4 in E Major, Op. 54",C# Major,91
671,Frédéric Chopin,Sonata 3 Op. 58,B Perfect,119
672,Frédéric Chopin,"Sonata No. 2 in B-flat Minor, Op. 35",B- Perfect,217
673,Frédéric Chopin,"Sonata No. 2 in B-flat Minor, Op. 35",B- Perfect,202
674,Frédéric Chopin,Sonata No. 3,B Perfect,126
675,Frédéric Chopin,"Sonata No. 3 in B Minor, Op. 58",E- enharmonic,41
676,Frédéric Chopin,"Sonata No. 3 in B Minor, Op. 58",A Minor,25
677,Frédéric Chopin,"Sonata No. 3 in B Minor, Op. 58",B Perfect,80
678,Frédéric Chopin,"Sonata No. 3 in B Minor, Op. 58",B Perfect,129
679,Frédéric Chopin,"Sonata No. 3 in B Minor, Op. 58",B Perfect,126
680,Frédéric Chopin,"Sonata No. 3 in B Minor, Op. 58 (Complete)",B Perfect,115
681,Frédéric Chopin,"Sonata No. 3 in B Minor, Op. 58 (Complete)",B Perfect,118
682,Frédéric Chopin,"Sonata No. 3 in B Minor, Op. 58, 1st mov.",E- enharmonic,40
683,Frédéric Chopin,"Sonata No. 3 in B Minor, Op. 58, I. Allegro maestoso",G Minor,39
684,Frédéric Chopin,"Sonata in B Minor, Op. 58",B Perfect,117
685,Frédéric Chopin,"Two Preludes from Op. 28, Nos. 15 and 24",G# Perfect,95
686,Frédéric Chopin,"Two Preludes from Op. 28, Nos. 15 and 24",F Minor,31
687,Frédéric Chopin,"Valse brillante No. 1 in A-flat Major, Op. 34",C enharmonic,82
688,Frédéric Chopin,"Variations and Fugue in E-flat Major, Op. 35, ""Eroica""",E- major,224
689,George Enescu,Suite Op. 10,D major,213
690,George Frideric Handel,Chaconne in G,G Perfect,96
691,George Frideric Handel,"Chaconne in G Major, HWV 435",G Perfect,70
692,George Frideric Handel,"Suite No. 2 in F Major, HWV 427 (Complete)",C Minor,61
693,George Frideric Handel,Suite No. 3 in D Minor,D Minor,114
694,George Frideric Handel,Suite No. 3 in D Minor,D Minor,123
695,Georges Bizet / Ferruccio Busoni,"Sonatina No. 6, BV284 “Fantasia da Camera super Carmen”",C# Perfect,64
696,Georges Bizet / Moritz Moszkowski,"Chanson Boheme de l'Opera ""Carmen"" by Georges Bizet",E Perfect,74
697,Georges Bizet / Vladimir Horowitz,Carmen Variations,E major,35
698,Giuseppe Verdi / Franz Liszt,Rigoletto Parap.,C# Perfect,83
699,Henry Purcell,"Suite in C Major, Z. 666 (Complete)",E Major,103
700,Isaac Albéniz,Asturias,D Perfect,203
701,Isaac Albéniz,"Evocacion from ""Iberia""",G# Diminished,17
702,Isaac Albéniz,Iberia Book II,G Perfect,86
703,Isaac Albéniz,"Iberia, Evocation, Triana",G# Diminished,17
704,Isaac Albéniz,"Iberia, Evocation, Triana",C# Perfect,34
705,Isaac Albéniz,Navarra,E- Perfect,65
706,Isaac Albéniz,Triana from 'Iberia',C# Perfect,32
707,Isaac Albéniz / Leopold Godowsky,Tango,D Perfect,31
708,Jean-Philippe Rameau,RameauSelections,D Minor,83
709,Johann Christian Fischer / Wolfgang Amadeus Mozart,12 Variations on a Theme from a Menuet by Fischer,C Perfect,156
710,Johann Pachelbel,Chaconne in F Minor,G# Diminished,14
711,Johann Sebastian Bach,"Chromatic Fantasy and Fugue in D Minor, BWV 903",D Minor,109
712,Johann Sebastian Bach,"Chromatic Fantasy and Fugue in D Minor, BWV 903",A Minor,78
713,Johann Sebastian Bach,"Chromatic Fantasy and Fugue in D Minor, BWV 903",D Minor,97
714,Johann Sebastian Bach,"Duet in E Minor, BWV 802",A Major,16
715,Johann Sebastian Bach,"Duet in G, BWV 804",D Major,26
716,Johann Sebastian Bach,"English Suite No. 2  in A Minor, BWV 807, I. Prelude",E Minor,61
717,Johann Sebastian Bach,"English Suite in A Minor, BWV 807",A Minor,203
718,Johann Sebastian Bach,"English Suite in A Minor, BWV 807",A Minor,129
719,Johann Sebastian Bach,"English Suite no. 3 in G Minor, Prelude",D Major,38
720,Johann Sebastian Bach,French Suite No. 5 in G Major,D Major,114
721,Johann Sebastian Bach,French Suite No. 5 in G Major,G Minor,93
722,Johann Sebastian Bach,French Suite No. 5 in G Major,A Minor,35
723,Johann Sebastian Bach,"Italian Concerto in F Major, BWV 971 (Complete)",D Minor,110
724,Johann Sebastian Bach,"Italian Concerto, BWV 971",D Minor,112
725,Johann Sebastian Bach,"Italian Concerto, BWV 971 (Complete)",F Minor,104
726,Johann Sebastian Bach,"Overture in the French Style in B Minor, BWV 831",E Minor,48
727,Johann Sebastian Bach,"Partita No. 1 in B-Flat Major, BWV 825 (Complete)",F Major,131
728,Johann Sebastian Bach,"Partita No. 2 in C Minor, I. Sinfonia",C Minor,35
729,Johann Sebastian Bach,"Partita No. 4 in D Major, BWV 828",D Minor,122
730,Johann Sebastian Bach,Partita No. 6 in E Minor,G Minor,102
731,Johann Sebastian Bach,"Partita in C Minor, BWV 826",G Major,152
732,Johann Sebastian Bach,Prelude & Fugue,E Major,45
733,Johann Sebastian Bach,Prelude & Fugue,A Perfect,10
734,Johann Sebastian Bach,"Prelude & Fugue in B flat minor, Book I, BWV 867",B- Perfect,30
735,Johann Sebastian Bach,"Prelude & Fugue in G Minor, WTK II",C Minor,34
736,Johann Sebastian Bach,"Prelude and Fuge in G-sharp Minor, WTC I, BWV 863",E- Diminished,20
737,Johann Sebastian Bach,"Prelude and Fugue in  F-sharp Major, WTC I , BWV 858",G# Major,10
738,Johann Sebastian Bach,"Prelude and Fugue in A Major, WTC I, BWV 864",A Major,26
739,Johann Sebastian Bach,"Prelude and Fugue in A Major, WTC II, BWV 888",A Major,36
740,Johann Sebastian Bach,"Prelude and Fugue in A Minor, WTC I, BWV 865",A Minor,46
741,Johann Sebastian Bach,"Prelude and Fugue in A Minor, WTC I, BWV 865",E Major,51
742,Johann Sebastian Bach,"Prelude and Fugue in A Minor, WTC I, BWV 865",A Minor,45
743,Johann Sebastian Bach,"Prelude and Fugue in A Minor, WTC II,  BWV 889",C Minor,24
744,Johann Sebastian Bach,"Prelude and Fugue in A Minor, WTC II, BWV 847",C Minor,25
745,Johann Sebastian Bach,"Prelude and Fugue in A Minor, WTC II, BWV 889",C Minor,26
746,Johann Sebastian Bach,"Prelude and Fugue in A Minor, WTC II, BWV 889",C Minor,26
747,Johann Sebastian Bach,"Prelude and Fugue in A Minor, WTC II, BWV 889",C Minor,34
748,Johann Sebastian Bach,"Prelude and Fugue in A Minor, WTC II, BWV 889",C Minor,32
749,Johann Sebastian Bach,"Prelude and Fugue in A Minor, WTC II, BWV 889",F Minor,40
750,Johann Sebastian Bach,"Prelude and Fugue in A-flat Major, WTC I",G# Diminished,19
751,Johann Sebastian Bach,"Prelude and Fugue in A-flat Major, WTC I, BWV 862",G# Diminished,25
752,Johann Sebastian Bach,"Prelude and Fugue in B Major, WTC I, BWV 868",C# Diminished,17
753,Johann Sebastian Bach,"Prelude and Fugue in B Major, WTC II, BWV 892",E- Diminished,34
754,Johann Sebastian Bach,"Prelude and Fugue in B Major, WTC II, BWV 892",C# Minor,33
755,Johann Sebastian Bach,"Prelude and Fugue in B Minor, WTC II",A Major,27
756,Johann Sebastian Bach,"Prelude and Fugue in B Minor, WTC II",A Major,25
757,Johann Sebastian Bach,"Prelude and Fugue in B Minor, WTC II, BWV 893",A Major,20
758,Johann Sebastian Bach,"Prelude and Fugue in B-Moll, No. 22 WTKII",C# Augmented,54
759,Johann Sebastian Bach,"Prelude and Fugue in B-flat Minor, WTC I, BWV 867",C# Augmented,38
760,Johann Sebastian Bach,"Prelude and Fugue in B-flat Minor, WTC I, BWV 867",C# Augmented,29
761,Johann Sebastian Bach,"Prelude and Fugue in B-flat Minor, WTC I, BWV 867",F# Augmented,32
762,Johann Sebastian Bach,"Prelude and Fugue in B-flat Minor, WTC I, BWV 867",C# Augmented,38
763,Johann Sebastian Bach,"Prelude and Fugue in B-flat Minor, WTC II",C# Augmented,60
764,Johann Sebastian Bach,"Prelude and Fugue in C Major, WTC  II, BWV 870",D Major,32
765,Johann Sebastian Bach,"Prelude and Fugue in C Major, WTC II, BWV 846",G Major,26
766,Johann Sebastian Bach,"Prelude and Fugue in C Major, WTC II, BWV 870",E Minor,33
767,Johann Sebastian Bach,"Prelude and Fugue in C Minor, WTC II, BWV 871",G# Augmented,34
768,Johann Sebastian Bach,"Prelude and Fugue in C sharp major, WTC I, BWV 848",G# Augmented,47
769,Johann Sebastian Bach,"Prelude and Fugue in C-Sharp Major, WTC I, BWV 848",C# Perfect,50
770,Johann Sebastian Bach,"Prelude and Fugue in C-Sharp Major, WTC I, BWV 848",C# Perfect,54
771,Johann Sebastian Bach,"Prelude and Fugue in C-Sharp Minor, WTC I, BWV 849",C# Perfect,20
772,Johann Sebastian Bach,"Prelude and Fugue in C-sharp Major, BWV 848",C# Perfect,47
773,Johann Sebastian Bach,"Prelude and Fugue in C-sharp Major, WTC I",C# Perfect,49
774,Johann Sebastian Bach,"Prelude and Fugue in C-sharp Major, WTC I",C# Perfect,49
775,Johann Sebastian Bach,"Prelude and Fugue in C-sharp Major, WTC I, BWV 848",C# Perfect,51
776,Johann Sebastian Bach,"Prelude and Fugue in C-sharp Major, WTC I, BWV 848",G# Augmented,51
777,Johann Sebastian Bach,"Prelude and Fugue in C-sharp Major, WTC I, BWV 848",C# Perfect,49
778,Johann Sebastian Bach,"Prelude and Fugue in C-sharp Minor, Book I, BWV 849",A Major,20
779,Johann Sebastian Bach,"Prelude and Fugue in C-sharp Minor, WTC I",F# Augmented,19
780,Johann Sebastian Bach,"Prelude and Fugue in C-sharp Minor, WTC I, BWV 849",F# Perfect,21
781,Johann Sebastian Bach,"Prelude and Fugue in C-sharp Minor, WTC II",G# Major,45
782,Johann Sebastian Bach,"Prelude and Fugue in D Major, Book II",A Major,46
783,Johann Sebastian Bach,"Prelude and Fugue in D Major, WTC I, BWV 850",E Major,41
784,Johann Sebastian Bach,"Prelude and Fugue in D Major, WTC I, BWV 850",F# Major,34
785,Johann Sebastian Bach,"Prelude and Fugue in D Major, WTC II, BWV 874",B Major,50
786,Johann Sebastian Bach,"Prelude and Fugue in D Major, WTC II, BWV 874",E Major,55
787,Johann Sebastian Bach,"Prelude and Fugue in D Major, WTC II, BWV 874",B Major,37
788,Johann Sebastian Bach,"Prelude and Fugue in D Major, WTC II, BWV 874",E Minor,23
789,Johann Sebastian Bach,"Prelude and Fugue in D Minor, Book II",D Minor,40
790,Johann Sebastian Bach,"Prelude and Fugue in D Minor, WTC I, BWV 851",D Minor,29
791,Johann Sebastian Bach,"Prelude and Fugue in D Minor, WTC II,  BWV 875",D Minor,44
792,Johann Sebastian Bach,"Prelude and Fugue in D Minor, WTC II, BWV 875",D Minor,44
793,Johann Sebastian Bach,"Prelude and Fugue in D Minor, WTC II, BWV 875",D Minor,44
794,Johann Sebastian Bach,"Prelude and Fugue in D major, WTC I",F# Major,58
795,Johann Sebastian Bach,"Prelude and Fugue in D-flat Major, WTC I, BWV 848",C# Perfect,50
796,Johann Sebastian Bach,"Prelude and Fugue in D-flat Major, WTC I, BWV 848",C# Perfect,40
797,Johann Sebastian Bach,"Prelude and Fugue in D-sharp Minor, WTC II, BWV 877",C# Diminished,23
798,Johann Sebastian Bach,"Prelude and Fugue in E Major, WTC I, BWV 854",G# Major,15
799,Johann Sebastian Bach,"Prelude and Fugue in E Major, WTC I, BWV 854",E Minor,20
800,Johann Sebastian Bach,"Prelude and Fugue in E Major, WTC I, BWV 854",G# Major,20
801,Johann Sebastian Bach,"Prelude and Fugue in E Major, WTC I, BWV 854",E- Augmented,20
802,Johann Sebastian Bach,"Prelude and Fugue in E Major, WTC I, BWV 854",G# Major,18
803,Johann Sebastian Bach,"Prelude and Fugue in E Major, WTC I, BWV 854  ",E- Augmented,20
804,Johann Sebastian Bach,"Prelude and Fugue in E Minor WTC I, BWV 855",E Major,28
805,Johann Sebastian Bach,"Prelude and Fugue in E-flat Major, WTC I",E- Major,31
806,Johann Sebastian Bach,"Prelude and Fugue in E-flat Major, WTC II, BWV 876",E- Minor,24
807,Johann Sebastian Bach,"Prelude and Fugue in E-flat Major, WTC II, BWV 876",G Major,25
808,Johann Sebastian Bach,"Prelude and Fugue in E-flat Minor WTC I, BWV 853",F# Augmented,39
809,Johann Sebastian Bach,"Prelude and Fugue in E-flat Minor, WTC I, BWV 853",F# Augmented,45
810,Johann Sebastian Bach,"Prelude and Fugue in E-flat Minor, WTC I, BWV 853",F# Augmented,45
811,Johann Sebastian Bach,"Prelude and Fugue in E-flat Minor, WTC I, BWV 853",F# Augmented,48
812,Johann Sebastian Bach,"Prelude and Fugue in E-flat Minor, WTC I, BWV 853",F# Augmented,34
813,Johann Sebastian Bach,"Prelude and Fugue in F Major, WTC I, BWV 856",C Major,26
814,Johann Sebastian Bach,"Prelude and Fugue in F Major, WTC II",D Major,25
815,Johann Sebastian Bach,"Prelude and Fugue in F Major, WTC II, BWV 880",D Major,25
816,Johann Sebastian Bach,"Prelude and Fugue in F Minor, WTC I",G# Augmented,32
817,Johann Sebastian Bach,"Prelude and Fugue in F Minor, WTC I, BWV 857",G# Augmented,28
818,Johann Sebastian Bach,"Prelude and Fugue in F Minor, WTC I, BWV 857",G# Augmented,26
819,Johann Sebastian Bach,"Prelude and Fugue in F Minor, WTC I, BWV 857",C Major,19
820,Johann Sebastian Bach,"Prelude and Fugue in F Minor, WTC I, BWV 857",G# Diminished,22
821,Johann Sebastian Bach,"Prelude and Fugue in F Minor, WTC I, BWV 857",C Major,25
822,Johann Sebastian Bach,"Prelude and Fugue in F Minor, WTC I, BWV 857",C Major,29
823,Johann Sebastian Bach,"Prelude and Fugue in F-sharp Major, WTC I, BWV 858",B- Diminished,14
824,Johann Sebastian Bach,"Prelude and Fugue in F-sharp Minor, WTC II",A Minor,28
825,Johann Sebastian Bach,"Prelude and Fugue in F-sharp Minor, WTC II , BWV 883",A Minor,44
826,Johann Sebastian Bach,"Prelude and Fugue in F-sharp Minor, WTC II, BWV 883",A Minor,36
827,Johann Sebastian Bach,"Prelude and Fugue in F-sharp Minor, WTC II, BWV 883",A Minor,36
828,Johann Sebastian Bach,"Prelude and Fugue in F-sharp Minor, WTC II, BWV 883",A Minor,32
829,Johann Sebastian Bach,"Prelude and Fugue in G Major, WTC I",A Minor,45
830,Johann Sebastian Bach,"Prelude and Fugue in G Major, WTC I",A Minor,48
831,Johann Sebastian Bach,"Prelude and Fugue in G Major, WTC I",A Minor,45
832,Johann Sebastian Bach,"Prelude and Fugue in G Major, WTC I",D Major,57
833,Johann Sebastian Bach,"Prelude and Fugue in G Major, WTC I, BWV 860",D Major,48
834,Johann Sebastian Bach,"Prelude and Fugue in G Major, WTC I, BWV 860",D Major,48
835,Johann Sebastian Bach,"Prelude and Fugue in G Major, WTC I, BWV 860",D Major,44
836,Johann Sebastian Bach,"Prelude and Fugue in G Major, WTC II, BWV 884",B Minor,25
837,Johann Sebastian Bach,"Prelude and Fugue in G Minor, WTC II",D Minor,35
838,Johann Sebastian Bach,"Prelude and Fugue in G Minor, WTC II,  BWV 885",C Minor,37
839,Johann Sebastian Bach,"Prelude and Fugue in G Minor, WTC II, BWV 885",G Minor,35
840,Johann Sebastian Bach,"Prelude and Fugue in G Minor, WTC II, BWV 885",A Major,2
841,Johann Sebastian Bach,"Prelude and Fugue in G-sharp Minor, WTC I, BWV 863",E Major,18
842,Johann Sebastian Bach,"Prelude and Fugue in G-sharp Minor, WTC I, BWV 863",C# Augmented,17
843,Johann Sebastian Bach,"Prelude and Fugue in G-sharp Minor, WTC I, BWV 863",E- Diminished,17
844,Johann Sebastian Bach,"Prelude and Fugue in G-sharp Minor, WTC II, BWV 887",G# Minor,50
845,Johann Sebastian Bach,Prelude from English Suite No. 3 in G Major,D Major,31
846,Johann Sebastian Bach,"Prelude from English Suite No. 6 in D Minor, BWV 811",E Major,90
847,Johann Sebastian Bach,"Prelude from the English Suite No. 1 in A Major, BWV 806",E Minor,54
848,Johann Sebastian Bach,"Prelude from the English Suite No. 2 in A Minor, BWV 807",A Minor,30
849,Johann Sebastian Bach,Prelude from the English Suite No. 6,F Minor,96
850,Johann Sebastian Bach,"Prelude from the English Suite No. 6 in D Minor, BWV 811",G Major,102
851,Johann Sebastian Bach,"Toccata from Partita No. 6 in E Minor, Missing Opening!!!!",E Major,27
852,Johann Sebastian Bach,"Toccata in C Minor, BWV 911",C Minor,107
853,Johann Sebastian Bach,"Toccata in C Minor, BWV 911",C Minor,116
854,Johann Sebastian Bach,"Toccata in E Minor, BWV 914",E Perfect,42
855,Johann Sebastian Bach,"Toccata in E Minor, BWV 914",G Major,41
856,Johann Sebastian Bach / Egon Petri,"""Sheep May Safely Graze""",B- major,78
857,Johann Sebastian Bach / Egon Petri,"Sheep May Safely Graze, from Bach's Birthday Cantata",B- major,78
858,Johann Sebastian Bach / Ferruccio Busoni,"""Wachet  auf, ruft uns die Stimme' BWV 645",E- Perfect,19
859,Johann Sebastian Bach / Ferruccio Busoni,Chaconne BWV1004,A Perfect,215
860,Johann Sebastian Bach / Ferruccio Busoni,Chaconne in D Minor,A Perfect,218
861,Johann Sebastian Bach / Ferruccio Busoni,"Chaconne in D Minor, BWV 1004",A Perfect,190
862,Johann Sebastian Bach / Ferruccio Busoni,Toccata in DMin.,A Perfect,164
863,Johann Sebastian Bach / Franz Liszt,"Prelude and Fugue in A Minor, S.462/1",E Perfect,38
864,Johann Sebastian Bach / Franz Liszt,"Prelude and Fugue in A Minor, S.462/1",A Perfect,53
865,Johann Sebastian Bach / Franz Liszt,Var. on BACH,F Perfect,119
866,Johann Sebastian Bach / Myra Hess,"Jesu, Joy of Man’s Desiring, BWV 147",D Perfect,43
867,Johann Strauss / Alfred Grünfeld,"Soiree de Vienne, Op. 56 (Concert Paraphrase on the overture from Die Fledermaus)",F enharmonic,80
868,Johannes Brahms,"16 Waltzes, Op. 39",B Perfect,130
869,Johannes Brahms,Fantasias Op. 116 (Selections),A Major,74
870,Johannes Brahms,Fantasien Op.116,G Perfect,101
871,Johannes Brahms,"Fantasies, Op. 116 No. 7 (Complete)",G Perfect,80
872,Johannes Brahms,Intermezzo Op. 118 No. 6 in E-flat Minor,F Perfect,30
873,Johannes Brahms,Intermezzos Op. 119,B Perfect,74
874,Johannes Brahms,"Paganini Variations, Op. 35 Book 2",A Perfect,170
875,Johannes Brahms,"Paganini Variations, Op. 35 Book II",A Perfect,125
876,Johannes Brahms,"Paganini Variations, Op. 35 Books I and II",A Perfect,273
877,Johannes Brahms,Rhapsody Op. 79 No. 1 in B minor,F# Perfect,61
878,Johannes Brahms,"Six Pieces for Piano, Op. 118",F Perfect,81
879,Johannes Brahms,"Sonata 2 F-sharp Minor, Op. 2",A Perfect,165
880,Johannes Brahms,Sonata No. 1,C Perfect,150
881,Johannes Brahms,"Sonata No. 1 in C Major, Op. 1",C Major,149
882,Johannes Brahms,"Sonata No. 3 in F Minor, Op. 5",C# Perfect,174
883,Johannes Brahms,Sonata Op. 5,C# Perfect,194
884,Johannes Brahms,"Sonata in F Minor, Op. 5",C Perfect,62
885,Johannes Brahms,"Sonata in F Minor, Op. 5",C# Perfect,126
886,Johannes Brahms,"Sonata in F Minor, Op. 5",F Perfect,91
887,Johannes Brahms,"Variations and Fugue on the Theme of Händel, Op. 24",F Perfect,338
888,Johannes Brahms,"Variations and Fugue on the theme of Handel, Op. 24",F Perfect,328
889,Johannes Brahms,"Variations on a Theme by Paganini, Op. 35 Book II",A Perfect,154
890,Johannes Brahms,"Variations on a Theme by Paganini, Op. 35 Book II",A Perfect,143
891,Johannes Brahms,"Variations on a Theme by Paganini, Op. 35, Book II",A Perfect,140
892,Johannes Brahms,"Variations on a Theme by Paganini, Op. 35, Volumes 1 & 2",A Perfect,362
893,Johannes Brahms,Variations on a theme by Paganini (Books I & II),E Perfect,263
894,Joseph Haydn,Andante w/Var.,G Minor,63
895,Joseph Haydn,"Piano Sonata in C major, Hob. XVI:50 (Complete)",C major,135
896,Joseph Haydn,Son. Hob. XVI:32,D Minor,47
897,Joseph Haydn,Son. Hob. XVI:39,G Major,139
898,Joseph Haydn,Son. Hob. XVI:52,E- Major,105
899,Joseph Haydn,Son. Hob. XVI:52,E- Major,101
900,Joseph Haydn,"Sonata E-Flat Major, Hob. XVI:49, First Movement",G# Augmented,47
901,Joseph Haydn,"Sonata in A-Flat Major, Hob. XVI:46, I. Allegro moderato",G# Diminished,91
902,Joseph Haydn,"Sonata in A-flat Major, Hob. XVI: 46, I. Allegro moderato",G# Diminished,82
903,Joseph Haydn,"Sonata in A-flat Major, No. 31 Hob. XVI:46, 1st mov.",G# Diminished,86
904,Joseph Haydn,"Sonata in B-flat Major, Hob.XVI:41",B- Minor,43
905,Joseph Haydn,"Sonata in B-flat Major, Hob.XVI:41",C Major,37
906,Joseph Haydn,"Sonata in C Major, Hob. XVI/50",C major,126
907,Joseph Haydn,"Sonata in C Major, Hob. XVI: 50, I. Allegro",C Major,66
908,Joseph Haydn,"Sonata in C Major, Hob. XVI: 50, I. Allegro",C Perfect,57
909,Joseph Haydn,"Sonata in C Major, Hob. XVI:48 (Complete)",C Major,89
910,Joseph Haydn,"Sonata in C Major, Hob. XVI:48 (Complete)",C Major,88
911,Joseph Haydn,"Sonata in C Major, Hob. XVI:50",G Perfect,49
912,Joseph Haydn,"Sonata in C Major, Hob. XVI:50",F Major,34
913,Joseph Haydn,"Sonata in C Major, Hob. XVI:50",C major,76
914,Joseph Haydn,"Sonata in C Major, Hob. XVI:50, 1st mov.",C Major,49
915,Joseph Haydn,"Sonata in C Major, Hob. XVI:50, 1st mov.",G Perfect,53
916,Joseph Haydn,"Sonata in C Major, Hob. XVI:50, First Movement",C Major,60
917,Joseph Haydn,"Sonata in C Minor, First Movement",E- Major,44
918,Joseph Haydn,"Sonata in C Minor, Hob. XVI:20, 1st mov.",G# Augmented,40
919,Joseph Haydn,"Sonata in C Minor, Hob. XVI:20, 1st mov.",E- Major,40
920,Joseph Haydn,"Sonata in C major, Hob. XVI: 50",C major,114
921,Joseph Haydn,"Sonata in D Major, Hob. XVI:24",D Major,51
922,Joseph Haydn,"Sonata in D Major, Hob. XVI:24",E Minor,41
923,Joseph Haydn,"Sonata in E Major, Hob. XVI:31, First Movement",G# Major,39
924,Joseph Haydn,"Sonata in E flat Major, Hob. XVI: 49, I. Allegro",G Minor,44
925,Joseph Haydn,"Sonata in E-flat Major, Hob. XVI: 52, I. Allegro",E- Major,60
926,Joseph Haydn,"Sonata in E-flat Major, Hob. XVI:52, 1st mov.",E- Major,55
927,Joseph Haydn,"Sonata in E-flat Major, Hob. XVI:52, First Movement",E- Major,62
928,Joseph Haydn,"Sonata in E-flat Major, Hob. XVI:52, First Movement",E- Major,67
929,Joseph Haydn,"Sonata in E-flat Major, Hob. XVI:52, First Movement",E- Major,62
930,Joseph Haydn,"Sonata in E-flat major, Hob. XVI:52, I. Allegro",E- Major,67
931,Joseph Haydn,"Sonata in F Major, Hob. XVI:23",C Minor,149
932,Joseph Haydn,"Sonata in G Major, Hob. XVI:6, First Movement",F# Major,43
933,Joseph Haydn,"Sonata in in F Major, Hob. XVI: 23, I. Allegro moderato",D Major,67
934,Leoš Janáček,In the Mists,C# Perfect,62
935,Leoš Janáček,"In the Mists, I. Andante  ",E Major,17
936,Leoš Janáček,"Piano Sonata 1. X. 1905 ""From the Street""",C# Perfect,70
937,Leoš Janáček,"Sonata 1.x.1905 ""On the Streets""",C# Perfect,54
938,Ludwig van Beethoven,"15 Variations and Fugue in Eb on an Original Theme ('Eroica Variations'), Op.35",E- major,239
939,Ludwig van Beethoven,"Andante favori in F Major, WoO 57",F Perfect,93
940,Ludwig van Beethoven,Bagatelles Op126,B Perfect,155
941,Ludwig van Beethoven,"Bagatelles, Op. 126 (Complete)",B Perfect,169
942,Ludwig van Beethoven,"Bagtellen, Op.126",B Perfect,146
943,Ludwig van Beethoven,"Eroica Variations, Op. 35",E- major,249
944,Ludwig van Beethoven,"Fantasia, Op. 77",E- enharmonic,69
945,Ludwig van Beethoven,"Rondo a capriccioso ""Rage over a Lost Penny"", Op. 129",G major,119
946,Ludwig van Beethoven,"Rondo, Op. 129",G major,116
947,Ludwig van Beethoven,"Sonata No. 10 in G Major, Op. 14 No. 2, First Movement",D Major,63
948,Ludwig van Beethoven,"Sonata No. 11 in B-flat Major, Op. 22, I. Allegro con brio",B- Perfect,101
949,Ludwig van Beethoven,"Sonata No. 11 in B-flat Major, Op. 22, I. Allegro con brio",B- Perfect,79
950,Ludwig van Beethoven,"Sonata No. 11 in E-flat Major, Op. 22 (Complete)",B- Perfect,176
951,Ludwig van Beethoven,"Sonata No. 11, Op. 22 in B-flat Major, I. Allegro con brio",B- Perfect,85
952,Ludwig van Beethoven,"Sonata No. 12 in A-flat Major, Op. 26, First Movement",E- Perfect,140
953,Ludwig van Beethoven,"Sonata No. 15 in D Major, Op. 28, I. Allegro",D Major,84
954,Ludwig van Beethoven,"Sonata No. 16 Op. 31 No. 1 in G Major, I. Allegro vivace",G major,64
955,Ludwig van Beethoven,"Sonata No. 16 Op. 31 No. 1 in G Major, I. Allegro vivace",G major,72
956,Ludwig van Beethoven,"Sonata No. 16 in G Major, Op. 31 No. 1, First Movement",G major,65
957,Ludwig van Beethoven,"Sonata No. 16 in G Major, Op. 31 No. 1, First movement",D Perfect,67
958,Ludwig van Beethoven,"Sonata No. 16 in G Major, Op. 31 No. 1, I. and II. ",D Major,206
959,Ludwig van Beethoven,"Sonata No. 17 in D Minor, Op. 31 No. 2, 1st Movement",A Perfect,100
960,Ludwig van Beethoven,"Sonata No. 17 in D Minor, Op. 31 No. 2, First Movement",A Perfect,73
961,Ludwig van Beethoven,"Sonata No. 17 in D Minor, Op. 31 No. 2, First Movement",A Perfect,66
962,Ludwig van Beethoven,"Sonata No. 17 in D minor, Op. 31 No. 2, 1st mov.",A Minor,48
963,Ludwig van Beethoven,"Sonata No. 17, Op. 31 No. 2 in D Minor ""Tempest"", I. Largo-Allegro",A Minor,56
964,Ludwig van Beethoven,"Sonata No. 17, Op. 31 No. 2 in D Minor ""Tempest"", I. Largo-Allegro",A Perfect,58
965,Ludwig van Beethoven,"Sonata No. 17, Op. 31 No. 2 in D Minor ""Tempest"", I. Largo-Allegro",A Perfect,58
966,Ludwig van Beethoven,"Sonata No. 17, Op. 31 No. 2 in D Minor ""Tempest"", I. Largo-Allegro",A Perfect,65
967,Ludwig van Beethoven,"Sonata No. 18 in E-flat Major, Op. 31 No. 3, First Movement",B- Perfect,52
968,Ludwig van Beethoven,"Sonata No. 18 in E-flat Major, Op. 31 No. 3, First Movement",E- Minor,53
969,Ludwig van Beethoven,"Sonata No. 18 in E-flat Major, Op. 31, No. 3 (Complete)",E- Perfect,199
970,Ludwig van Beethoven,"Sonata No. 18, Op. 31 No. 3 in E-flat Major, I. Allegro",G Major,56
971,Ludwig van Beethoven,"Sonata No. 21 in  C Major, Op. 53",C Perfect,173
972,Ludwig van Beethoven,"Sonata No. 21 in C Major, Op. 53",C Perfect,182
973,Ludwig van Beethoven,"Sonata No. 21 in C Major, Op. 53, ""Waldstein"", First Movement",C major,96
974,Ludwig van Beethoven,"Sonata No. 21 in C Major, Op. 53, ""Waldstein"", First Movement",C major,97
975,Ludwig van Beethoven,"Sonata No. 21 in C Major, Op. 53, ""Waldstein"", First Movement",C major,95
976,Ludwig van Beethoven,"Sonata No. 21 in C Major, Op. 53, 1st mov.",C major,98
977,Ludwig van Beethoven,"Sonata No. 21 in C Major, Op. 53, First Movement",C major,99
978,Ludwig van Beethoven,"Sonata No. 21 in C Major, Op. 53, I. Allegro con brio",C major,100
979,Ludwig van Beethoven,"Sonata No. 21 in C Major, Op. 53, I. Allegro con brio",C major,98
980,Ludwig van Beethoven,"Sonata No. 21 in C major, Op. 53, 1st mov.",C major,95
981,Ludwig van Beethoven,"Sonata No. 21 in C major, Op. 53, “Waldstein,” I. Allegro con brio",C major,100
982,Ludwig van Beethoven,"Sonata No. 21, Op. 53, ""Waldstein"", I. Allegro con brio",C major,96
983,Ludwig van Beethoven,"Sonata No. 21, Op. 53, ""Waldstein"", I. Allegro con brio",C major,127
984,Ludwig van Beethoven,"Sonata No. 21, Op. 53, ""Waldstein"", I. Allegro con brio",C major,97
985,Ludwig van Beethoven,"Sonata No. 21, Op. 53, ""Waldstein"", I. Allegro con brio",C major,83
986,Ludwig van Beethoven,"Sonata No. 21, Op. 53, ""Waldstein"", I. Allegro con brio",C major,95
987,Ludwig van Beethoven,"Sonata No. 21, Op. 53, ""Waldstein"", I. Allegro con brio",C major,97
988,Ludwig van Beethoven,"Sonata No. 23 in F Minor, Op. 57 ""Appassionata"", First Movement",F enharmonic,125
989,Ludwig van Beethoven,"Sonata No. 23 in F Minor, Op. 57 (Complete)",F enharmonic,271
990,Ludwig van Beethoven,"Sonata No. 23 in F Minor, Op. 57, First Movement",F Perfect,90
991,Ludwig van Beethoven,"Sonata No. 23 in F Minor, Op. 57, First Movement",F enharmonic,122
992,Ludwig van Beethoven,"Sonata No. 23 in F Minor, Op. 57, First Movement",C Diminished,106
993,Ludwig van Beethoven,"Sonata No. 23 in F Minor, Op. 57, First movement",F Perfect,90
994,Ludwig van Beethoven,"Sonata No. 23, Op. 57 in F Minor, ""Appassionata"", I. Allegro assai",F enharmonic,146
995,Ludwig van Beethoven,"Sonata No. 24 in F-Sharp Major, Op. 78",F# Perfect,79
996,Ludwig van Beethoven,"Sonata No. 24 in F-sharp Major, Op. 78",F# Perfect,61
997,Ludwig van Beethoven,"Sonata No. 24 in F-sharp Major, Op. 78, First Movement",C# Augmented,46
998,Ludwig van Beethoven,"Sonata No. 26 in 3-flat Major, Op. 81a (2nd & 3rd Movements)",B- Perfect,66
999,Ludwig van Beethoven,"Sonata No. 26 in 3-flat Major, Op. 81a (2nd & 3rd Movements)",E- major,94
1000,Ludwig van Beethoven,"Sonata No. 26 in E-Flat Major, Op. 81a, ""Les Adiex"", First Movement",B- Perfect,96
1001,Ludwig van Beethoven,"Sonata No. 26 in E-Flat Major, Op. 81a, ""Les Adiex"", First Movement",B- Perfect,78
1002,Ludwig van Beethoven,"Sonata No. 26 in E-flat Major, Op. 81a, I. Das Lebewohl. Adagio - Allegro",B- Perfect,84
1003,Ludwig van Beethoven,"Sonata No. 27 in E Minor, Op. 90",B Perfect,88
1004,Ludwig van Beethoven,"Sonata No. 27 in E Minor, Op. 90, First Movement",B Minor,41
1005,Ludwig van Beethoven,"Sonata No. 27, Op. 90, I. Mit Lebhaftigkeit und durchaus mit Empfindung und Ausdruck",B Minor,49
1006,Ludwig van Beethoven,"Sonata No. 28 in A Major, Op. 101 (Complete)",E Major,138
1007,Ludwig van Beethoven,"Sonata No. 28 in A Major, Op. 101 (Complete)",E Major,113
1008,Ludwig van Beethoven,"Sonata No. 28 in A Major, Op. 101 (Complete)",E Major,99
1009,Ludwig van Beethoven,"Sonata No. 29 in B-flat Major, Op. 106",C Major,161
1010,Ludwig van Beethoven,"Sonata No. 3 in C Major, Op. 2 No. 3, First Movement",C Perfect,66
1011,Ludwig van Beethoven,"Sonata No. 3 in C Major, Op. 2 No. 3, I. Allegro con brio",C major,61
1012,Ludwig van Beethoven,"Sonata No. 3 in C Major, Op. 2 No. 3, I. and II. ",G Perfect,71
1013,Ludwig van Beethoven,"Sonata No. 3, Op. 2 No. 3 in C major, I. Allegro con brio",C Perfect,60
1014,Ludwig van Beethoven,"Sonata No. 30 in E Major, Op. 109",C# Major,192
1015,Ludwig van Beethoven,"Sonata No. 31 In A-flat Major, Op. 110",C Diminished,100
1016,Ludwig van Beethoven,"Sonata No. 31 in A-Flat Major, Op. 110 (Complete)",C Diminished,94
1017,Ludwig van Beethoven,"Sonata No. 31 in A-flat Major, Op. 110",C Diminished,102
1018,Ludwig van Beethoven,"Sonata No. 31 in A-flat Major, Op. 110 (Complete)",C# Diminished,116
1019,Ludwig van Beethoven,"Sonata No. 31 in A-flat Major, Op. 110, First movement",C Minor,60
1020,Ludwig van Beethoven,"Sonata No. 32 in C Minor, Op. 111",C Major,183
1021,Ludwig van Beethoven,"Sonata No. 32 in C Minor, Op. 111 (Complete)",C Major,159
1022,Ludwig van Beethoven,"Sonata No. 32 in C minor, Op. 111",A Major,219
1023,Ludwig van Beethoven,"Sonata No. 4 in E-flat Major, Op. 7, 1st mov.",E- Minor,58
1024,Ludwig van Beethoven,"Sonata No. 4 in E-flat Major, Op. 7, 1st mov.",E- Perfect,54
1025,Ludwig van Beethoven,"Sonata No. 4 in E-flat Major, Op. 7, First Movement",E- Perfect,52
1026,Ludwig van Beethoven,"Sonata No. 4 in E-flat Major, Op. 7, I. Allegro molto e con brio",E- Minor,57
1027,Ludwig van Beethoven,"Sonata No. 4 in E-flat Major, Op. 7, I. Allegro molto e con brio",E- Minor,61
1028,Ludwig van Beethoven,"Sonata No. 4 in E-flat Major, Op. 7, I. Allegro molto e con brio",E- Perfect,57
1029,Ludwig van Beethoven,"Sonata No. 5 in C Minor, Op. 10 No. 1, First Movement",C Perfect,42
1030,Ludwig van Beethoven,"Sonata No. 5 in C Minor, Op. 10 No. 1, I. Allegro molto e con brio",C Perfect,42
1031,Ludwig van Beethoven,"Sonata No. 7 in D Major, Op. 10 No. 3",D Perfect,149
1032,Ludwig van Beethoven,"Sonata No. 7 in D Major, Op. 10 No. 3, 1st mov.",D Minor,66
1033,Ludwig van Beethoven,"Sonata No. 7 in D Major, Op. 10 No. 3, 1st mov.",D Minor,80
1034,Ludwig van Beethoven,"Sonata No. 7 in D Major, Op. 10 No. 3, First Movement",D Minor,77
1035,Ludwig van Beethoven,"Sonata No. 7, Op. 10 No. 3 in D Major, I. Presto",D Minor,80
1036,Ludwig van Beethoven,"Sonata No. 7, Op. 10 No. 3 in D Major, I. Presto",D Minor,74
1037,Ludwig van Beethoven,"Sonata No. 8 in C Minor, Op.13",C Minor,104
1038,Ludwig van Beethoven,Sonata Op. 10/3,D Minor,157
1039,Ludwig van Beethoven,Sonata Op. 101,E Major,128
1040,Ludwig van Beethoven,Sonata Op. 110,C Minor,95
1041,Ludwig van Beethoven,"Sonata Op. 31, No. 3 in E-flat Major",B- Perfect,184
1042,Ludwig van Beethoven,Sonata Op. 54 in F Major,F Major,79
1043,Ludwig van Beethoven,Sonata Op. 78,C# Perfect,69
1044,Ludwig van Beethoven,"Sonata Op. 81 No. 26, 'Les Adieux'",B- Perfect,77
1045,Ludwig van Beethoven,"Sonata Op. 81 No. 26, 'Les Adieux'",E- major,121
1046,Ludwig van Beethoven,"Sonata in A-flat, Op. 110",C# Diminished,63
1047,Ludwig van Beethoven,"Sonata in A-flat, Op. 110",E- enharmonic,67
1048,Ludwig van Beethoven,"Sonata in A-flat, Op. 110",C Minor,108
1049,Ludwig van Beethoven,"Sonata in C Major, Op. 2 No. 3, 1st mov.",G Perfect,72
1050,Ludwig van Beethoven,"Sonata in C Major, Op. 53 'Waldstein'",C Perfect,127
1051,Ludwig van Beethoven,"Sonata in D Minor, Op. 31 No. 2 ""Tempest""",A Perfect,169
1052,Ludwig van Beethoven,"Sonata in D minor, Op. 31, No. 2",A Perfect,92
1053,Ludwig van Beethoven,"Sonata in D minor, Op. 31, No. 2",D Minor,92
1054,Ludwig van Beethoven,"Sonata in E Major, Op. 109",B Perfect,155
1055,Ludwig van Beethoven,"Sonata in E Major, Op. 14, No. 1",E Perfect,146
1056,Ludwig van Beethoven,"Sonata in E-flat Major, Op. 81a",E- major,131
1057,Ludwig van Beethoven,"Thirty-Two Variaions in C Minor, WoO80",C Minor,123
1058,Ludwig van Beethoven,"Thirty-Two Variaions in C Minor, WoO80",C Minor,128
1059,Ludwig van Beethoven,"Thirty-Two Variaions in C Minor, WoO80",C Minor,133
1060,Ludwig van Beethoven,"Thirty-Two Variaions in C Minor, WoO80",C Minor,159
1061,Ludwig van Beethoven,"Thirty-Two Variations  in C Minor, WoO 80",C Minor,127
1062,Ludwig van Beethoven,"Thirty-Two Variations in C Minor, WoO 80",C minor,128
1063,Ludwig van Beethoven,"Thirty-Two Variations in C Minor, WoO 80",C Minor,140
1064,Ludwig van Beethoven,"Thirty-Two Variations in C Minor, WoO 80",C Minor,142
1065,Ludwig van Beethoven,"Thirty-Two Variations in C Minor, WoO 80",C Minor,131
1066,Ludwig van Beethoven,"Thirty-Two Variations in C Minor, WoO 80",C Minor,149
1067,Ludwig van Beethoven,"Thirty-Two Variations in C Minor, WoO 80",C Minor,134
1068,Ludwig van Beethoven,"Thirty-Two Variations in C Minor, WoO 80",C Minor,140
1069,Ludwig van Beethoven,"Thirty-Two Variations in C Minor, WoO 80",C Minor,137
1070,Ludwig van Beethoven,"Thirty-Two Variations in C Minor, WoO 80",C Minor,147
1071,Ludwig van Beethoven,"Thirty-Two Variations in C Minor, WoO 80",C Minor,154
1072,Ludwig van Beethoven,"Thirty-Two Variations in C Minor, WoO 80",C Minor,131
1073,Ludwig van Beethoven,"Thirty-Two Variations in C Minor, WoO 80",C Minor,137
1074,Ludwig van Beethoven,"Thirty-Two Variations in C Minor, WoO 80",C minor,128
1075,Ludwig van Beethoven,"Thirty-Two Variations in C Minor, WoO 80",C Minor,145
1076,Ludwig van Beethoven,"Thirty-Two Variations in C Minor, WoO 80",C Minor,135
1077,Ludwig van Beethoven,"Thirty-Two Variations in C Minor, WoO 80",C Minor,134
1078,Ludwig van Beethoven,"Thirty-Two Variations in C Minor, WoO 80",C Minor,162
1079,Ludwig van Beethoven,"Thirty-Two Variations in C Minor, WoO 80",C Minor,146
1080,Ludwig van Beethoven,"Thirty-Two Variations in C minor, WoO 80",C Minor,140
1081,Ludwig van Beethoven,"Thirty-Two Variations in C minor, WoO 80    ",C Minor,158
1082,Ludwig van Beethoven,"Thirty-Two Variations in C minor, WoO 80    ",C Minor,128
1083,Ludwig van Beethoven,"Variations and Fugue in E-flat Major, Op. 35, ""Eroica""",E- major,265
1084,Mikhail Glinka / Mily Balakirev,Lark,B- Perfect,41
1085,Mikhail Glinka / Mily Balakirev,Lark,B- Perfect,34
1086,Mily Balakirev,"In the Garden, Etude-Idyll",C# Perfect,25
1087,Mily Balakirev,Islamei,C# Perfect,82
1088,Mily Balakirev,Islamey,C# Perfect,49
1089,Mily Balakirev,"Oriental Fantasy ""Islamey""",C# Perfect,71
1090,Modest Mussorgsky,Pictures at an E,F# Perfect,335
1091,Modest Mussorgsky,Pictures at an E,F# Perfect,314
1092,Modest Mussorgsky,Pictures at an Exhibition,F# Perfect,407
1093,Modest Mussorgsky,Pictures at an Exhibition,F# Perfect,278
1094,Modest Mussorgsky,Pictures at an Exhibition,F# Perfect,349
1095,Modest Mussorgsky,Pictures at an Exhibition,F# Perfect,329
1096,Muzio Clementi,"Sonata Bb, Op. 24, No. 2",B- Minor,119
1097,Muzio Clementi,Sonata Op. 24/2,B- Minor,113
1098,Muzio Clementi,"Sonata Op. 25 No. 5 in F-sharp Minor, First Movement",F# Minor,60
1099,Muzio Clementi,"Sonata in B-flat Major, Op.24, No. 2",B- Minor,140
1100,Muzio Clementi,Sonata in F# Min,F# Minor,90
1101,Muzio Clementi,"Sonata in F-sharp minor, op. 25 no. 5, 1st mov.",F# Minor,58
1102,Niccolò Paganini / Franz Liszt,Etude No. 6 in A Minor,F Minor,73
1103,Nikolai Medtner,"Fairy Tale in D Minor, Op. 54",A Major,54
1104,Nikolai Medtner,"Fairy Tales Op. 51 No. 1, 2 and No. 3",A Perfect,129
1105,Nikolai Medtner,"Sonata Tragica, Op. 39, No. 5",C Perfect,66
1106,Nikolai Medtner,"Three Fairy Tales ""Skazki"" from Op. 34",D Major,71
1107,Nikolai Medtner,Two Fairy Tales,F# Perfect,51
1108,Nikolai Rimsky-Korsakov / Sergei Rachmaninoff,The Flight of the Bunble-Bee,D Minor,30
1109,Orlando Gibbons,Pavan,D Perfect,15
1110,Percy Grainger,Ramble on the Last Love - Duet,C enharmonic,45
1111,Pyotr Ilyich Tchaikovsky,Dumka,G minor,90
1112,Pyotr Ilyich Tchaikovsky,"Dumka, Op. 59",E- major,84
1113,Pyotr Ilyich Tchaikovsky,"Dumka, Op.59",G minor,96
1114,Pyotr Ilyich Tchaikovsky,Meditation,E Major,115
1115,Pyotr Ilyich Tchaikovsky,Russian Scherzo Op. 1,B- major,62
1116,Pyotr Ilyich Tchaikovsky,"The Seasons, Op. 37a (Selections)",G Perfect,56
1117,Pyotr Ilyich Tchaikovsky / Mikhail Pletnev,"Andante Maestoso from ""Nutcracker Suite""",E minor,94
1118,Pyotr Ilyich Tchaikovsky / Mikhail Pletnev,Concert Suite from the Ballet Nutcracker,E minor,181
1119,Pyotr Ilyich Tchaikovsky / Mikhail Pletnev,Concert Suite from the Nutcracker,E Perfect,65
1120,Pyotr Ilyich Tchaikovsky / Mikhail Pletnev,"Intermezzo from ""Nutcracker Suite""",C major,62
1121,Pyotr Ilyich Tchaikovsky / Mikhail Pletnev,"March from ""Nutcracker Suite",E minor,52
1122,Pyotr Ilyich Tchaikovsky / Mikhail Pletnev,Nutcracker Suite,E minor,194
1123,Pyotr Ilyich Tchaikovsky / Sergei Rachmaninoff,Lullaby,E- Augmented,36
1124,Pyotr Ilyich Tchaikovsky / Sergei Rachmaninoff,"Lullaby Op. 16, No. 1",E- Diminished,53
1125,Richard Wagner / Franz Liszt,IsoldasLiebestod,E Perfect,53
1126,Richard Wagner / Franz Liszt,Isolde's Liebestod,E Perfect,61
1127,Robert Schumann,ABEGG Op. 1,C Major,111
1128,Robert Schumann,ABEGG Variations Op. 1,F Perfect,97
1129,Robert Schumann,"ABEGG Variations, Op. 1",F Perfect,99
1130,Robert Schumann,"ABEGG Variations, Op. 1",F Perfect,89
1131,Robert Schumann,"ABEGG Variations, Op. 1",F Perfect,90
1132,Robert Schumann,"ABEGG Variations, Op. 1",F Perfect,91
1133,Robert Schumann,"ABEGG Variations, Op. 1",F Perfect,97
1134,Robert Schumann,"Arabesque, Op. 18",C Perfect,53
1135,Robert Schumann,"Arabesque, Op. 18",C Perfect,64
1136,Robert Schumann,"Carnaval, Op. 9",C enharmonic,228
1137,Robert Schumann,"Carnaval, Op. 9",C enharmonic,200
1138,Robert Schumann,"Carnaval, Op. 9",E- Perfect,168
1139,Robert Schumann,"Carnaval, Op. 9",C enharmonic,179
1140,Robert Schumann,"Davidsbundlertanze, Op. 6",D Perfect,158
1141,Robert Schumann,Fantasie Op. 17,C Perfect,170
1142,Robert Schumann,Fantasie Op. 17,C Perfect,196
1143,Robert Schumann,"Fantasy Pieces, Op. 12",F Perfect,168
1144,Robert Schumann,"Fantasy in C Major, Op. 17",C Perfect,194
1145,Robert Schumann,"Gesänge der Frühe, Op. 133",A Perfect,79
1146,Robert Schumann,"Humoresque, Op. 20",C Perfect,152
1147,Robert Schumann,"Intermezzi, Opus 4",A Minor,130
1148,Robert Schumann,Kreisleriana,G Perfect,163
1149,Robert Schumann,"Kreisleriana, Op. 16",D Minor,82
1150,Robert Schumann,"Kreisleriana, Op. 16",G Perfect,74
1151,Robert Schumann,"Kreisleriana, Op. 16",G Perfect,178
1152,Robert Schumann,"Kreisleriana, Op. 16 (1st edition) (Complete)",B- Major,162
1153,Robert Schumann,"Kreisleriana, Op. 16 (Complete)",B- Major,183
1154,Robert Schumann,"Romances Op. 28, Nos. 2 and 3",C# Perfect,76
1155,Robert Schumann,"Romances Op. 28, Nos. 2 and 3",E- enharmonic,98
1156,Robert Schumann,Sonata F# Minor,F# Perfect,134
1157,Robert Schumann,"Sonata No. 1 in F-Sharp Minor, Op. 11 (Complete)",F# Perfect,140
1158,Robert Schumann,"Sonata No. 1 in F-sharp Minor, Op. 11",A Major,152
1159,Robert Schumann,"Sonata No. 2 in G Minor, Op. 22",G Perfect,155
1160,Robert Schumann,"Sonata No. 2 in G Minor, Op. 22 (Complete)",G Perfect,217
1161,Robert Schumann,"Sonata No. 2 in G Minor, Op. 22 (Complete)",G Perfect,140
1162,Robert Schumann,Symphonic Etudes,C# minor,217
1163,Robert Schumann,Symphonic Etudes,C# minor,308
1164,Robert Schumann,Symphonic Etudes,C# minor,274
1165,Robert Schumann,Symphonic Etudes Op. 13,C# minor,320
1166,Robert Schumann,Symphonic Etudes Op. 13 (with Posthumous variations),C# minor,320
1167,Robert Schumann,"Symphonic Etudes, Op. 13",C# minor,307
1168,Robert Schumann,"Symphonic Etudes, Op. 13",C# minor,251
1169,Robert Schumann,"Symphonic Etudes, Op. 13",C# minor,173
1170,Robert Schumann,"Symphonic Etudes, Op. 13 (with Posthumous Etudes)",C# minor,238
1171,Robert Schumann,Toccata Op. 7,C Major,64
1172,Robert Schumann,"Toccata in C Major, Op. 7",G Major,87
1173,Robert Schumann,"Toccata in C Major, Op. 7",G Perfect,57
1174,Robert Schumann,"Toccata in C Major, Opus 7",C Major,58
1175,Robert Schumann,"Toccata in C, Op. 7",G Major,67
1176,Robert Schumann / Franz Liszt,Widmung,C enharmonic,51
1177,Sergei Rachmaninoff,Corelli Var.Op42,D Perfect,136
1178,Sergei Rachmaninoff,Elegie in E-Flat Minor Op. 3,E- Perfect,58
1179,Sergei Rachmaninoff,"Elegie in E-flat Minor, Op. 3 No. 1",E- Perfect,57
1180,Sergei Rachmaninoff,"Elegy Op. 3, No. 1",E- Perfect,36
1181,Sergei Rachmaninoff,Etude Tableau Op. 39 No. 5,E- enharmonic,65
1182,Sergei Rachmaninoff,Etude Tableaux Op. 39 No. 1 in C Minor,C Perfect,53
1183,Sergei Rachmaninoff,Etude Tableaux Op. 39 No. 6 in A Minor,A Perfect,26
1184,Sergei Rachmaninoff,Etude-Tableau Op. 39 No. 6 in A Minor,A Perfect,34
1185,Sergei Rachmaninoff,"Etude-Tableau in C Minor, Op. 39, No. 1",C Perfect,48
1186,Sergei Rachmaninoff,"Etude-Tableau in E-flat Minor, op. 39 No. 5",E- enharmonic,77
1187,Sergei Rachmaninoff,"Etude-Tableau, Op. 39 No. 6 in A Minor",F Perfect,22
1188,Sergei Rachmaninoff,Etude-Tableaux Op. 39 No. 5,E- enharmonic,67
1189,Sergei Rachmaninoff,Etude-Tableaux Op. 39 No. 5 in E-flat Minor,E- enharmonic,62
1190,Sergei Rachmaninoff,Etude-Tableaux Op. 39 No. 6 in A Minor,F Perfect,33
1191,Sergei Rachmaninoff,"Etude-Tableaux, Opus 33 No. 3 in C Minor",C Perfect,60
1192,Sergei Rachmaninoff,"Etude-Tableaux, Opus 39 No. 8 in D Minor",D minor,85
1193,Sergei Rachmaninoff,Etudes-Tableaux,D major,45
1194,Sergei Rachmaninoff,Etudes-Tableaux Op. 33,C Perfect,196
1195,Sergei Rachmaninoff,"Humoresque Op. 10, No. 5",E minor,65
1196,Sergei Rachmaninoff,Lilac,F Major,29
1197,Sergei Rachmaninoff,"Moment Musical, Op. 16, No.4",E Minor,80
1198,Sergei Rachmaninoff,Moment Musicaux Op. 16 No. 4 in E Minor,G Minor,63
1199,Sergei Rachmaninoff,"Moment Musicaux, Op. 16 No. 3 in B Minor",B Minor,34
1200,Sergei Rachmaninoff,"Moment Musicaux, Op. 16 No. 4 in E Minor",E Minor,71
1201,Sergei Rachmaninoff,"Moment Musicaux, Op. 16 No. 5",G# Augmented,24
1202,Sergei Rachmaninoff,Moments Musicaux,C Major,167
1203,Sergei Rachmaninoff,"Moments Musicaux, Op. 16",G# Diminished,32
1204,Sergei Rachmaninoff,"Moments Musicaux, Op. 16",F# Augmented,51
1205,Sergei Rachmaninoff,"Moments Musicaux, Op. 16",B Minor,31
1206,Sergei Rachmaninoff,"Moments Musicaux, Op. 16",E Minor,85
1207,Sergei Rachmaninoff,"Moments Musicaux, Op. 16",G# Augmented,30
1208,Sergei Rachmaninoff,"Moments Musicaux, Op. 16",C Major,165
1209,Sergei Rachmaninoff,"Polka de ""W.R.""",C enharmonic,42
1210,Sergei Rachmaninoff,Polka de W. R.,C enharmonic,37
1211,Sergei Rachmaninoff,Polka de W.R.,F Major,39
1212,Sergei Rachmaninoff,Prelude Op. 23 No. 4 in D Major,D Perfect,16
1213,Sergei Rachmaninoff,Prelude Op. 23 No. 6 in E-flat Major,B- Perfect,14
1214,Sergei Rachmaninoff,"Prelude Op. 23, No. 2",B- major,70
1215,Sergei Rachmaninoff,Prelude Op. 23/4,D Perfect,17
1216,Sergei Rachmaninoff,Prelude Op. 3 No. 2 in C-sharp Minor,C# minor,42
1217,Sergei Rachmaninoff,Prelude Op. 32 No. 8 in A Minor,A Perfect,36
1218,Sergei Rachmaninoff,"Prelude Op. 32, No. 10",B minor,57
1219,Sergei Rachmaninoff,Prelude Op. 32/5,E- Minor,71
1220,Sergei Rachmaninoff,"Prelude in C-sharp Minor, Op. 3, No. 2",C# minor,43
1221,Sergei Rachmaninoff,"Prelude in D Major, Op. 23, No. 4",D Perfect,23
1222,Sergei Rachmaninoff,"Prelude in D Major, Op. 23, No. 4",D Minor,24
1223,Sergei Rachmaninoff,"Prelude in G-Sharp Minor,Op. 32 No. 12",E- Augmented,98
1224,Sergei Rachmaninoff,"Preludes Op. 23, Nos. 2, 4 and 5",G minor,116
1225,Sergei Rachmaninoff,Sonata No. 2 in B-Flat Minor Op. 36 (1913),B- enharmonic,85
1226,Sergei Rachmaninoff,Sonata No. 2 in B-Flat Minor Op. 36 (1913),E Perfect,36
1227,Sergei Rachmaninoff,Sonata No. 2 in B-Flat Minor Op. 36 (1913),E Perfect,9
1228,Sergei Rachmaninoff,Sonata No. 2 in B-Flat Minor Op. 36 (1913),B- major,31
1229,Sergei Rachmaninoff,Sonata No. 2 in B-flat Minor,C Major,83
1230,Sergei Rachmaninoff,"Sonata No. 2 in B-flat Minor, Op. 36",B- enharmonic,61
1231,Sergei Rachmaninoff,"Sonata No. 2 in B-flat Minor, Op. 36 (1913)",B- enharmonic,129
1232,Sergei Rachmaninoff,"Sonata No. 2 in B-flat Minor, Op.36",B- enharmonic,74
1233,Sergei Rachmaninoff,"Sonata No. 2 in B-flat Minor, Opus 36",B- enharmonic,98
1234,Sergei Rachmaninoff,Sonata Op. 36,B- Perfect,78
1235,Sergei Rachmaninoff,"Sonata in B-flat Minor, Op.36",B- enharmonic,69
1236,Sergei Rachmaninoff / György Cziffra,Flight of B.B.,F Minor,68
1237,Sergei Rachmaninoff / Vyacheslav Gryaznov,Italian Polka,B- Perfect,28
1238,Wolfgang Amadeus Mozart,Fantasy in C Min,D Major,40
1239,Wolfgang Amadeus Mozart,"Nine Variations, K. 264",A Major,183
1240,Wolfgang Amadeus Mozart,"Nine variations on a minuet by Duport, K537",D Minor,189
1241,Wolfgang Amadeus Mozart,"Rondo in A Minor,  K. 511",C Major,65
1242,Wolfgang Amadeus Mozart,Sonata K. 457,G Major,86
1243,Wolfgang Amadeus Mozart,"Sonata K. 457 in C minor, I. Allegro molto",C Perfect,32
1244,Wolfgang Amadeus Mozart,"Sonata in B-flat Major, K 333, First Movement",F Major,52
1245,Wolfgang Amadeus Mozart,"Sonata in B-flat Major, K. 281, First Movement",B- Major,60
1246,Wolfgang Amadeus Mozart,"Sonata in B-flat Major, K. 333, 1st mov.",F Major,57
1247,Wolfgang Amadeus Mozart,"Sonata in B-flat Major, K. 333, I. Allegro",F Major,51
1248,Wolfgang Amadeus Mozart,"Sonata in B-flat Major, K. 570, 1st mov.",B- Minor,40
1249,Wolfgang Amadeus Mozart,"Sonata in B-flat Major, K.281",B- Major,110
1250,Wolfgang Amadeus Mozart,"Sonata in C Major, K 330, I. Allegro moderato",D Major,57
1251,Wolfgang Amadeus Mozart,"Sonata in C Major, K279",C Perfect,79
1252,Wolfgang Amadeus Mozart,"Sonata in C Minor K457, First Movement",G Perfect,35
1253,Wolfgang Amadeus Mozart,"Sonata in C Minor, K. 457",E- Minor,89
1254,Wolfgang Amadeus Mozart,"Sonata in C Minor, K. 457, 1st mov.",C Perfect,38
1255,Wolfgang Amadeus Mozart,Sonata in D Major K576,A Major,155
1256,Wolfgang Amadeus Mozart,"Sonata in D Major, K 284, First Movement",A Perfect,70
1257,Wolfgang Amadeus Mozart,"Sonata in D Major, K 576, First Movement",A Major,50
1258,Wolfgang Amadeus Mozart,"Sonata in D Major, K. 284, First Movement",A Perfect,41
1259,Wolfgang Amadeus Mozart,"Sonata in D Major, K. 311",A Major,133
1260,Wolfgang Amadeus Mozart,"Sonata in D Major, K. 576 (Complete)",A Major,134
1261,Wolfgang Amadeus Mozart,"Sonata in D Major, K. 576, I - Allegro",A Major,56
1262,Wolfgang Amadeus Mozart,"Sonata in D Major, K. 576, II - Adagio",A Major,44
1263,Wolfgang Amadeus Mozart,"Sonata in D Major, K.311",A Major,119
1264,Wolfgang Amadeus Mozart,"Sonata in D-Major, K. 311, First Movement",A Major,42
1265,Wolfgang Amadeus Mozart,Sonata in F,A Major,112
1266,Wolfgang Amadeus Mozart,Sonata in F K332,C Perfect,97
1267,Wolfgang Amadeus Mozart,"Sonata in F Major, K 332 (Complete)",C Major,118
1268,Wolfgang Amadeus Mozart,"Sonata in F Major, K 332 (Complete)",C Perfect,108
1269,Wolfgang Amadeus Mozart,"Sonata in F Major, K. 280, 1st mov.",A Major,34
1270,Wolfgang Amadeus Mozart,"Sonata in F Major, K280",F Minor,53
1271,Wolfgang Amadeus Mozart,"Sonata in F Major, K280",G# Augmented,22
1272,Wolfgang Amadeus Mozart,"Sonata in F Major, K280",F Major,32
1273,Wolfgang Amadeus Mozart,"Sonata in F Major, K533",A Major,108
1274,Wolfgang Amadeus Mozart,"Sonata in F Major, K533/K494",C Major,98
1275,Wolfgang Amadeus Mozart,"Twelve Variations, K179 (189a)",C Perfect,175
