,record_number,ind,value,title,composer,year
0,0,0 days 00:06:21.983073,15.6,Sonata Op. 1,Alban Berg,2018
1,1,0 days 00:10:51.014323,13.333333333333334,Sonata Op. 1,Alban Berg,2008
2,2,0 days 00:06:19.273958,15.066666666666666,Sonata Op. 1,Alban Berg,2017
3,3,0 days 00:14:16.037500,26.066666666666666,"24 Preludes Op. 11, No. 13-24",Alexander Scriabin,2004
4,4,0 days 00:08:57.992188,25.066666666666666,"Etude Op. 2 No.1;  Etudes Op. 8, Nos. 5, 11 and 12",Alexander Scriabin,2013
5,5,0 days 00:01:11.923177,26.933333333333334,"Etude in D-flat Major, Op. 8 No. 10",Alexander Scriabin,2011
6,6,0 days 00:00:08.011719,22.733333333333334,Etudes from Op.8,Alexander Scriabin,2006
7,7,0 days 00:05:36.009115,22.8,Fantasy Op. 28 in B Minor,Alexander Scriabin,2013
8,8,0 days 00:04:54,29.0,"Fantasy in B Minor, Op. 28",Alexander Scriabin,2011
9,9,0 days 00:04:25.951823,24.6,"Fantasy, Op. 28",Alexander Scriabin,2014
10,10,0 days 00:04:28.138021,10.133333333333333,"Prelude and Nocturne for Left Hand, Op. 9",Alexander Scriabin,2008
11,11,0 days 00:07:39.983073,18.4,Sonata No. 2,Alexander Scriabin,2006
12,12,0 days 00:04:26.984375,22.466666666666665,"Sonata No. 2 in G-sharp Minor, Op. 19",Alexander Scriabin,2018
13,13,0 days 00:04:13.960938,20.0,"Sonata No. 2 in G-sharp Minor, Op. 19",Alexander Scriabin,2018
14,14,0 days 00:04:15.016667,20.933333333333334,"Sonata No. 2 in G-sharp Minor, Op. 19 (Complete)",Alexander Scriabin,2017
15,15,0 days 00:08:18.001302,17.466666666666665,"Sonata No. 3 in F-sharp Minor, Op. 23",Alexander Scriabin,2018
16,16,0 days 00:08:21.001302,18.466666666666665,"Sonata No. 3 in F-sharp Minor, Op. 23",Alexander Scriabin,2018
17,17,0 days 00:17:19.037760,19.133333333333333,"Sonata No. 3 in F-sharp Minor, Op. 23",Alexander Scriabin,2018
18,18,0 days 00:01:46.046875,28.866666666666667,"Sonata No. 5 in F-sharp Minor, Op. 53",Alexander Scriabin,2004
19,19,0 days 00:01:48.997396,26.066666666666666,"Sonata No. 5, Op. 53",Alexander Scriabin,2018
20,20,0 days 00:11:30.947917,27.333333333333332,"Sonata No. 5, Op. 53",Alexander Scriabin,2009
21,21,0 days 00:10:27.009115,24.6,"Sonata No. 5, Op. 53",Alexander Scriabin,2009
22,22,0 days 00:09:51.002604,29.933333333333334,"Sonata No. 5, Op. 53",Alexander Scriabin,2008
23,23,0 days 00:11:36.022135,28.6,"Sonata No. 5, Op. 53",Alexander Scriabin,2014
24,24,0 days 00:09:55.997396,29.533333333333335,"Sonata No. 5, Op. 53",Alexander Scriabin,2014
25,25,0 days 00:03:33.954427,21.933333333333334,Sonata No. 10 in B Minor,Antonio Soler,2009
26,26,0 days 00:15:02.964844,26.933333333333334,"Sonata No. 1, 2nd, 3rd and 4th movements",Carl Maria von Weber,2008
27,27,0 days 00:09:07.947917,28.666666666666668,Faust Waltz,Charles Gounod / Franz Liszt,2006
28,28,0 days 00:03:03,20.4,"""Feux d'artifice"" from Book II",Claude Debussy,2008
29,29,0 days 00:12:36.981771,18.533333333333335,"""Images"", Series I",Claude Debussy,2013
30,30,0 days 00:02:22.216146,16.666666666666668,"""Les collines d'Anacapri"" from Preludes, Book I",Claude Debussy,2008
31,31,0 days 00:02:17.014323,15.666666666666666,"""Ondine"" from Book II",Claude Debussy,2008
32,32,0 days 00:01:59.011719,11.0,"""Voiles"" from Preludes, Book I",Claude Debussy,2008
33,33,0 days 00:06:33.008333,21.333333333333332,"Barcarolle, Op. 60",Claude Debussy,2015
34,34,0 days 00:11:21.997396,24.4,Bruyeres,Claude Debussy,2006
35,35,0 days 00:01:25.964844,12.4,"Etude ""Pour le arpeges composes""",Claude Debussy,2009
36,36,0 days 00:01:22.026042,19.466666666666665,"Etude ""Pour les huit doigts""",Claude Debussy,2009
37,37,0 days 00:01:09.989583,22.0,"Etude No. 6, Book I, ""Pour les huits doigts""",Claude Debussy,2008
38,38,0 days 00:00:40.973958,19.8,Feux d'artifice,Claude Debussy,2006
39,39,0 days 00:10:10.980469,25.133333333333333,Four Preludes,Claude Debussy,2006
40,40,0 days 00:10:49,24.6,Image (Book II),Claude Debussy,2004
41,41,0 days 00:12:09.980469,20.733333333333334,"Images Book 1 (Complete), L 110",Claude Debussy,2014
42,42,0 days 00:10:23.947917,26.133333333333333,Images Book II,Claude Debussy,2006
43,43,0 days 00:14:51,21.933333333333334,"Images, Book I",Claude Debussy,2009
44,44,0 days 00:02:10.910156,15.266666666666667,"Images, Book I, ""Reflets dans l'eau""",Claude Debussy,2008
45,45,0 days 00:12:56.158854,23.133333333333333,"Images, Book II",Claude Debussy,2018
46,46,0 days 00:02:30.881510,22.866666666666667,"Images, Book II, ""Poissons d'or""",Claude Debussy,2008
47,47,0 days 00:05:20.713542,25.8,L'Isle Joyeuse,Claude Debussy,2011
48,48,0 days 00:05:15,21.133333333333333,L'isle joyeuse,Claude Debussy,2014
49,49,0 days 00:04:49.794271,22.333333333333332,L'isle joyeuse,Claude Debussy,2013
50,50,0 days 00:05:40.656250,23.733333333333334,L'isle joyeuse,Claude Debussy,2013
51,51,0 days 00:05:37.040625,20.666666666666668,L'isle joyeuse,Claude Debussy,2017
52,52,0 days 00:05:40.795573,22.266666666666666,"L'isle joyeuse, L. 106",Claude Debussy,2018
53,53,0 days 00:02:30.032552,15.533333333333333,Les Collines d'Anacapri from Book I,Claude Debussy,2008
54,54,0 days 00:01:46.136719,21.933333333333334,"Prelude No. 24 ""Fireworks""",Claude Debussy,2008
55,55,0 days 00:02:45.998698,11.466666666666667,"Prelude No. 7, Book II, La terrasse des audiences du clair de lune",Claude Debussy,2018
56,56,0 days 00:01:35,21.8,"Preludes Book II: “Feux d'artifice,” L 123, No. 12",Claude Debussy,2014
57,57,0 days 00:05:03.048958,10.066666666666666,"Preludes No. 2, 6, 12",Claude Debussy,2004
58,58,0 days 00:01:33.979167,21.666666666666668,"Preludes No. 2, 6, 12",Claude Debussy,2004
59,59,0 days 00:01:07.957031,11.333333333333334,"Preludes, Book II, III - La puerta del vino",Claude Debussy,2013
60,60,0 days 00:33:45.981771,23.6,"Preludes, Book II, L 123 (Complete)",Claude Debussy,2014
61,61,0 days 00:00:08.003125,16.6,"Preludes, Book II, L 123, IV. «Les fées sont d'exquises danseuses»",Claude Debussy,2015
62,62,0 days 00:01:38.950521,11.933333333333334,"Preludes, Book II, VII - La terasse des audiences du clair de lune",Claude Debussy,2013
63,63,0 days 00:17:02.921875,23.666666666666668,PreludesBII/7-12,Claude Debussy,2006
64,64,0 days 00:04:45.430990,18.4,Three Etudes,Claude Debussy,2006
65,65,0 days 00:09:16.976562,14.4,"Prelude, Fugue et Variation, Op. 18, Arrangement Delle Vigne",César Franck,2018
66,66,0 days 00:10:37.959635,11.333333333333334,"Prélude, chorale, et fugue, M. 21",César Franck,2014
67,67,0 days 00:01:46.880208,12.666666666666666,Sonata K. 466,Domenico Scarlatti,2008
68,68,0 days 00:03:56.968750,7.8,"Sonata in B Minor, K. 197",Domenico Scarlatti,2009
69,69,0 days 00:01:22.028646,11.666666666666666,"Sonata in B Minor, K. 27",Domenico Scarlatti,2009
70,70,0 days 00:03:45.872396,6.8,"Sonata in B Minor, K. 87",Domenico Scarlatti,2018
71,71,0 days 00:04:23,7.6,"Sonata in B Minor, K. 87",Domenico Scarlatti,2014
72,72,0 days 00:01:51.011719,7.4,"Sonata in B Minor, L. 33",Domenico Scarlatti,2009
73,73,0 days 00:01:02.028646,17.6,"Sonata in C Major, K. 179",Domenico Scarlatti,2009
74,74,0 days 00:02:39.367188,15.133333333333333,"Sonata in C Major, K. 513",Domenico Scarlatti,2014
75,75,0 days 00:00:11.959635,13.4,"Sonata in C Minor, K. 84",Domenico Scarlatti,2014
76,76,0 days 00:01:42.973958,23.866666666666667,"Sonata in D Major, K. 119",Domenico Scarlatti,2009
77,77,0 days 00:02:09.907552,12.866666666666667,"Sonata in D Major, K. 145",Domenico Scarlatti,2014
78,78,0 days 00:01:34,11.0,"Sonata in D Major, K. 430",Domenico Scarlatti,2014
79,79,0 days 00:04:09.992188,15.8,"Sonata in D Major, K. 576",Domenico Scarlatti,2009
80,80,0 days 00:00:11.834635,14.466666666666667,"Sonata in D Minor, K. 1",Domenico Scarlatti,2014
81,81,0 days 00:01:50.994792,23.266666666666666,"Sonata in D Minor, K. 141",Domenico Scarlatti,2018
82,82,0 days 00:01:51.024740,22.8,"Sonata in D Minor, K. 141",Domenico Scarlatti,2014
83,83,0 days 00:01:37.947917,11.666666666666666,"Sonata in G Major, K. 146",Domenico Scarlatti,2009
84,84,0 days 00:01:09.005208,15.066666666666666,"Sonata in G Major, K. 455",Domenico Scarlatti,2017
85,85,0 days 00:01:19.040365,8.533333333333333,"Lyric Piece in A Minor, “Waltz,” Op. 12 No. 2",Edvard Grieg,2014
86,86,0 days 00:02:08.037760,12.733333333333333,"Lyric Piece in E Minor, “Valse-Impromptu,” Op. 47 No.1",Edvard Grieg,2014
87,87,0 days 00:00:32.947917,8.266666666666667,"Lyric Piece in E Minor, “Waltz,” Op. 38 No. 7",Edvard Grieg,2014
88,88,0 days 00:11:12.983333,26.733333333333334,Variations Serieuses Op. 54,Felix Mendelssohn,2017
89,89,0 days 00:10:37.003125,26.4,Variations Serieuses Op. 54,Felix Mendelssohn,2017
90,90,0 days 00:10:56.991667,25.8,Variations Serieuses Op. 54,Felix Mendelssohn,2017
91,91,0 days 00:09:34.008333,30.533333333333335,Variations Serieuses Op. 54,Felix Mendelssohn,2017
92,92,0 days 00:09:43.015625,27.133333333333333,Variations Serieuses Op. 54,Felix Mendelssohn,2017
93,93,0 days 00:10:04.954427,28.933333333333334,"Variations Serieuses, Op. 54",Felix Mendelssohn,2008
94,94,0 days 00:10:11.104167,30.333333333333332,"Variations Serieuses, Op. 54",Felix Mendelssohn,2008
95,95,0 days 00:11:20.014323,25.066666666666666,"Variations Serieuses, Op. 54",Felix Mendelssohn,2008
96,96,0 days 00:10:19.048958,27.333333333333332,"Variations Serieuses, Op. 54",Felix Mendelssohn,2015
97,97,0 days 00:10:18.988542,27.8,"Variations Serieuses, Op. 54",Felix Mendelssohn,2015
98,98,0 days 00:09:31.980469,31.4,"Variations Serieuses, Op. 54",Felix Mendelssohn,2013
99,99,0 days 00:10:37.037760,27.933333333333334,"Variations Serieuses, Op. 54",Felix Mendelssohn,2013
100,100,0 days 00:09:30.983073,28.733333333333334,"Variations Serieuses, Op. 54",Felix Mendelssohn,2013
101,101,0 days 00:09:57.002604,29.4,"Variations Serieuses, Op. 54",Felix Mendelssohn,2013
102,102,0 days 00:11:19.954427,25.533333333333335,"Variations Serieuses, Op. 54",Felix Mendelssohn,2013
103,103,0 days 00:10:32.014323,24.933333333333334,"Variations Serieuses, Op. 54",Felix Mendelssohn,2011
104,104,0 days 00:10:04.983073,26.266666666666666,"Variations Serieuses, Op. 54",Felix Mendelssohn,2011
105,105,0 days 00:09:58.046875,27.133333333333333,"Variations Serieuses, Op. 54",Felix Mendelssohn,2011
106,106,0 days 00:10:47.997396,26.333333333333332,"Variations Serieuses, Op. 54",Felix Mendelssohn,2011
107,107,0 days 00:10:34.032552,29.333333333333332,"Variations Seriouses, Op. 54",Felix Mendelssohn,2011
108,108,0 days 00:11:01.095052,28.2,"Variations serieuses, Op. 54",Felix Mendelssohn,2008
109,109,0 days 00:09:55.017708,33.266666666666666,"Variations sérieuses, Op. 54",Felix Mendelssohn,2015
110,110,0 days 00:10:04.089583,27.466666666666665,"Variations sérieuses, Op. 54",Felix Mendelssohn,2015
111,111,0 days 00:10:54.994792,25.866666666666667,"Variations sérieuses, Op. 54",Felix Mendelssohn,2015
112,112,0 days 00:01:56.954427,20.866666666666667,Scherzo,Felix Mendelssohn / Sergei Rachmaninoff,2006
113,113,0 days 00:00:18.032552,21.266666666666666,Scherzo from A Midsummer Night's Dream,Felix Mendelssohn / Sergei Rachmaninoff,2011
114,114,0 days 00:01:53.867188,22.666666666666668,"Scherzo from Mendelssohn's ""Midsummer Night's Dream""",Felix Mendelssohn / Sergei Rachmaninoff,2008
115,115,0 days 00:04:18.026042,30.066666666666666,"""La Campanella""",Franz Liszt,2008
116,116,0 days 00:04:10.863281,31.8,"""La Campanella""",Franz Liszt,2008
117,117,0 days 00:04:13.580729,40.0,"""La Campanella""",Franz Liszt,2008
118,118,0 days 00:00:30.006510,30.4,Annes de Pelerinage III: Le jeux d'eau a la Villa d'Este,Franz Liszt,2011
119,119,0 days 00:15:38.983073,30.466666666666665,"Après une lecture de Dante: Fantasia quasi Sonata, S.161, No. 7",Franz Liszt,2014
120,120,0 days 00:14:04.994792,30.4,"Aprés une lecture de Dante: Fantasia quasi Sonata, S.161, No. 7",Franz Liszt,2014
121,121,0 days 00:07:29.709635,27.733333333333334,"Ballade No. 2 in B Minor, S 171",Franz Liszt,2013
122,122,0 days 00:07:20.971354,29.6,"Ballade No. 2 in B Minor, S 171",Franz Liszt,2013
123,123,0 days 00:08:22.566406,36.333333333333336,"Ballade No. 2 in B Minor, S. 171",Franz Liszt,2014
124,124,0 days 00:08:04.018229,32.8,"Ballade No. 2 in B Minor, S. 171",Franz Liszt,2011
125,125,0 days 00:02:52.559896,29.666666666666668,"Concert Etude ""La Leggierezza""",Franz Liszt,2013
126,126,0 days 00:02:29.164062,15.533333333333333,"Concert Etude ""Un Sospiro""",Franz Liszt,2008
127,127,0 days 00:02:45,28.066666666666666,"Concert Etude No. 2 La Leggierezza, S. 144",Franz Liszt,2015
128,128,0 days 00:02:44.037760,25.733333333333334,"Concert Etude No. 2, ""La Leggierezza"", S. 144/2",Franz Liszt,2011
129,129,0 days 00:02:33.997396,28.066666666666666,"Concert Etude No. 2, ""La Leggierezza"", S. 144/2",Franz Liszt,2011
130,130,0 days 00:02:41.982292,25.333333333333332,"Concert Etude No. 2, “La leggierezza"", S. 144",Franz Liszt,2015
131,131,0 days 00:02:22.037760,17.266666666666666,"Concert Etude No. 3 in D-flat Major, ""Un Sospiro"", S. 144/3",Franz Liszt,2011
132,132,0 days 00:02:26.388021,16.6,"Concert Etude No. 3 in D-flat Major, ""Un Sospiro"", S. 144/3",Franz Liszt,2011
133,133,0 days 00:02:44.008333,31.0,Dante Sonata,Franz Liszt,2004
134,134,0 days 00:02:29.942708,28.2,Dante Sonata,Franz Liszt,2006
135,135,0 days 00:03:35.983073,30.6,Dante Sonata,Franz Liszt,2006
136,136,0 days 00:02:31.009115,31.133333333333333,Dante Sonata,Franz Liszt,2009
137,137,0 days 00:02:29.011719,34.266666666666666,Dante Sonata,Franz Liszt,2009
138,138,0 days 00:15:20.095052,27.6,"Grandes Etudes de Paganini, S. 141",Franz Liszt,2018
139,139,0 days 00:04:07.026042,29.933333333333334,"Grandes ètudes de Paganini No. 3 ""La Campanella"", S. 141",Franz Liszt,2015
140,140,0 days 00:04:22.996875,31.666666666666668,"Grandes ètudes de Paganini No. 3 ""La Campanella"", S. 141",Franz Liszt,2015
141,141,0 days 00:04:07.993750,36.2,"Grandes ètudes de Paganini No. 3 La Campanella, S. 141",Franz Liszt,2015
142,142,0 days 00:04:23.008333,29.6,"Grandes études de Paganini, No. 3 ""La campanella"", S.141/3",Franz Liszt,2017
143,143,0 days 00:04:11.011458,33.266666666666666,"Grandes études de Paganini, No. 3 ""La campanella"", S.141/3",Franz Liszt,2017
144,144,0 days 00:04:29.962500,30.266666666666666,"Grandes études de Paganini, No. 3 ""La campanella"", S.141/3",Franz Liszt,2017
145,145,0 days 00:05:23.950000,23.066666666666666,"Hungarian Rhapsody No. 10 in E-flat Major, S. 244/10",Franz Liszt,2015
146,146,0 days 00:04:25.328125,24.2,"Hungarian Rhapsody No. 10, S. 244/10",Franz Liszt,2011
147,147,0 days 00:07:08.962500,29.933333333333334,"Hungarian Rhapsody No. 6, S.244/6",Franz Liszt,2017
148,148,0 days 00:06:15.972917,32.0,"Hungarian Rhapsody No. 6, S.244/6",Franz Liszt,2017
149,149,0 days 00:07:59.980469,26.6,Mephisto Waltz,Franz Liszt,2006
150,150,0 days 00:10:11.973958,32.733333333333334,Mephisto Waltz No. 1,Franz Liszt,2004
151,151,0 days 00:11:13.993750,30.866666666666667,Mephisto Waltz No. 1,Franz Liszt,2004
152,152,0 days 00:08:24.980469,32.06666666666667,Mephisto Waltz No. 1,Franz Liszt,2009
153,153,0 days 00:01:25.028646,34.266666666666666,Mephisto Waltz No. 1,Franz Liszt,2013
154,154,0 days 00:11:06.988281,34.93333333333333,"Mephisto Waltz No. 1, S.514",Franz Liszt,2014
155,155,0 days 00:01:29.037760,29.8,"Mephisto Waltz No. 1, S.514",Franz Liszt,2014
156,156,0 days 00:10:26.933594,37.266666666666666,Mephisto-Waltz No. 1,Franz Liszt,2008
157,157,0 days 00:04:01,34.0,"Paganini Etude No. 3, S. 141/3 ""La Campanella""",Franz Liszt,2013
158,158,0 days 00:04:18.001302,32.86666666666667,"Paganini Etude No. 3, S. 141/3 ""La Campanella""",Franz Liszt,2013
159,159,0 days 00:06:46.034375,26.066666666666666,"Paraphrase de concert sur Rigoletto, S.434",Franz Liszt,2017
160,160,0 days 00:03:39.968750,25.666666666666668,Polonaise in E Major,Franz Liszt,2008
161,161,0 days 00:04:10.959635,32.6,Rhapsodie Espagnole,Franz Liszt,2008
162,162,0 days 00:04:36.072917,32.8,Rhapsodie Espagnole,Franz Liszt,2008
163,163,0 days 00:10:02.789062,30.333333333333332,Rhapsodie Espagnole S.254,Franz Liszt,2011
164,164,0 days 00:04:47.996094,31.533333333333335,"Rhapsodie Espagnole, S. 254",Franz Liszt,2018
165,165,0 days 00:10:15.953125,29.266666666666666,"Rhapsodie Espagnole, S. 254",Franz Liszt,2015
166,166,0 days 00:03:43.011719,33.266666666666666,"Rhapsodie Espagnole, S. 254",Franz Liszt,2013
167,167,0 days 00:04:37.028646,30.866666666666667,"Rhapsodie Espagnole, S. 254",Franz Liszt,2013
168,168,0 days 00:10:20.985677,29.6,"Rhapsodie Espagnole, S.254",Franz Liszt,2014
169,169,0 days 00:03:51.950521,35.6,Rhapsody Esp.,Franz Liszt,2006
170,170,0 days 00:10:01.936198,32.13333333333333,Rhapsody Esp.,Franz Liszt,2006
171,171,0 days 00:05:10.992188,29.066666666666666,Rigoletto Paraphrase,Franz Liszt,2009
172,172,0 days 00:06:06.028646,30.533333333333335,"Rigoletto Paraphrase, S. 434",Franz Liszt,2011
173,173,0 days 00:05:37.936198,30.466666666666665,Rigoletto-Paraphrase,Franz Liszt,2008
174,174,0 days 00:24:31.983073,34.06666666666667,"Sonata In B Minor, S. 178",Franz Liszt,2018
175,175,0 days 00:25:19.910156,32.2,Sonata in B Min.,Franz Liszt,2006
176,176,0 days 00:20:14.973958,39.86666666666667,Sonata in B Min.,Franz Liszt,2006
177,177,0 days 00:24:20.980469,34.333333333333336,"Sonata in B Minor, S. 178",Franz Liszt,2009
178,178,0 days 00:24:29.971354,31.533333333333335,"Sonata in B Minor, S. 178",Franz Liszt,2009
179,179,0 days 00:25:10.009115,31.4,"Sonata in B Minor, S. 178",Franz Liszt,2009
180,180,0 days 00:21:46.976562,36.86666666666667,"Sonata in B Minor, S. 178",Franz Liszt,2014
181,181,0 days 00:03:08.026042,13.866666666666667,Sonetto 104 del Petrarca,Franz Liszt,2009
182,182,0 days 00:03:03.976562,14.933333333333334,Sonetto 104 del Petrarca,Franz Liszt,2008
183,183,0 days 00:03:45.996875,34.4,Spanish Rhapsody,Franz Liszt,2004
184,184,0 days 00:04:51.018229,32.666666666666664,Spanish Rhapsody,Franz Liszt,2009
185,185,0 days 00:08:53.020833,33.06666666666667,Tarantella,Franz Liszt,2015
186,186,0 days 00:08:41.009115,35.46666666666667,Tarantella from Annees de Pelerinage 2eme Annee,Franz Liszt,2008
187,187,0 days 00:07:55.992188,30.666666666666668,"Tarantella, S. 162 No. 3 from Venezia e Napoli",Franz Liszt,2011
188,188,0 days 00:08:14.785417,32.733333333333334,"Tarantella, Venezia e Napoli in G Minor, S.159",Franz Liszt,2017
189,189,0 days 00:01:54.982292,27.066666666666666,"Transcendental Etude No. 2, “Molto vivace""",Franz Liszt,2015
190,190,0 days 00:04:34.916667,26.466666666666665,"Transcendental Etude No. 4 ""Mazeppa""",Franz Liszt,2008
191,191,0 days 00:06:45.947917,29.133333333333333,"Transcendental Etude No. 4, ""Mazeppa""",Franz Liszt,2015
192,192,0 days 00:00:57.901042,25.4,"Transcendental Etude No. 5 ""Feux Follets""",Franz Liszt,2008
193,193,0 days 00:02:42.976562,25.533333333333335,"Transcendental Etude No. 5 ""Feux Follets""",Franz Liszt,2013
194,194,0 days 00:00:50.028646,25.733333333333334,"Transcendental Etude No. 5 ""Feux Follets""",Franz Liszt,2013
195,195,0 days 00:00:53.985677,25.133333333333333,"Transcendental Etude No. 5 “Feux Follets,” S.139, No. 5",Franz Liszt,2014
196,196,0 days 00:00:54.035156,27.466666666666665,"Transcendental Etude No. 5, ""Feux Follets"", S. 139/5",Franz Liszt,2011
197,197,0 days 00:02:54.017708,24.733333333333334,"Trois Etudes de Concert ""La leggierezza"", S.144",Franz Liszt,2017
198,198,0 days 00:08:39.991667,30.0,"Valse de l'opera Faust de Charles Gounod, S.407",Franz Liszt,2017
199,199,0 days 00:08:59.016667,28.733333333333334,"Valse de l'opera Faust de Charles Gounod, S.407",Franz Liszt,2017
200,200,0 days 00:02:34.035156,17.466666666666665,Venezia e Napoli,Franz Liszt,2011
201,201,0 days 00:04:41.032552,21.533333333333335,Venezia e Napoli,Franz Liszt,2011
202,202,0 days 00:06:30.236979,33.2,Venezia e Napoli,Franz Liszt,2011
203,203,0 days 00:16:22.437500,35.266666666666666,"Venezia e Napoli, S. 162",Franz Liszt,2018
204,204,0 days 00:17:04,35.13333333333333,"Venezia e Napoli, S.162 (Complete)",Franz Liszt,2014
205,205,0 days 00:06:24.046875,28.666666666666668,"Études d'exécution transcendante, No. 4, ""Mazeppa"" S.139/4",Franz Liszt,2017
206,206,0 days 00:06:20.011458,27.533333333333335,"Études d'exécution transcendante, No. 4, ""Mazeppa"" S.139/4",Franz Liszt,2017
207,207,0 days 00:01:18.868750,23.466666666666665,"Études d'exécution transcendante, No. 5, ""Feux follets"" S.139/5",Franz Liszt,2017
208,208,0 days 00:07:47.006510,30.933333333333334,Danse Macabre S555/R240,Franz Liszt / Camille Saint-Saëns,2011
209,209,0 days 00:01:18.964844,16.866666666666667,Impromptu Op. 142 No. 1 F Minor,Franz Schubert,2008
210,210,0 days 00:07:18.028646,17.333333333333332,Impromptu Op. 142 No. 1 in F Minor,Franz Schubert,2008
211,211,0 days 00:06:12.973958,17.733333333333334,"Impromptu Op. 142 No. 1 in F Minor, D. 935",Franz Schubert,2017
212,212,0 days 00:01:59.026042,18.533333333333335,"Impromptu Op. 142 No. 1 in F Minor, D. 935",Franz Schubert,2017
213,213,0 days 00:06:01.994792,16.6,"Impromptu Op. 142 No. 1 in F Minor, D935",Franz Schubert,2013
214,214,0 days 00:01:50.957031,18.4,"Impromptu Op. 142 No. 1, in F Minor, D935",Franz Schubert,2011
215,215,0 days 00:09:25.026042,15.333333333333334,"Impromptu Op. 142 No. 3 in B-Flat Major, D935",Franz Schubert,2013
216,216,0 days 00:05:33.962500,15.066666666666666,Impromptu Op. 142 No. 3 in B-flat Major,Franz Schubert,2015
217,217,0 days 00:09:57.022917,15.6,Impromptu Op. 142 No. 3 in B-flat Major,Franz Schubert,2015
218,218,0 days 00:09:29.017708,15.133333333333333,Impromptu Op. 142 No. 3 in B-flat Major,Franz Schubert,2015
219,219,0 days 00:06:39.122396,13.8,Impromptu Op. 142 No. 3 in B-flat Major,Franz Schubert,2013
220,220,0 days 00:09:41.003125,14.466666666666667,"Impromptu Op. 142 No. 3 in B-flat Major, D. 935",Franz Schubert,2017
221,221,0 days 00:07:52.008333,14.933333333333334,"Impromptu Op. 142 No. 3 in B-flat Major, D. 935",Franz Schubert,2017
222,222,0 days 00:09:12.980469,16.866666666666667,"Impromptu Op. 142 No. 3 in B-flat Major, D935",Franz Schubert,2013
223,223,0 days 00:06:12.020833,15.533333333333333,"Impromptu Op. 142 No. 3 in B-flat Major, D935",Franz Schubert,2013
224,224,0 days 00:03:06.049479,15.2,"Impromptu Op. 142 No. 3 in B-flat Major, D935",Franz Schubert,2013
225,225,0 days 00:10:08.006510,15.133333333333333,"Impromptu Op. 142 No. 3 in B-flat Major, D935",Franz Schubert,2013
226,226,0 days 00:07:40,17.0,"Impromptu Op. 142 No. 3, in B-Flat Major, D935",Franz Schubert,2011
227,227,0 days 00:10:16.957031,14.266666666666667,"Impromptu Op. 142 No. 3, in B-Flat Major, D935",Franz Schubert,2011
228,228,0 days 00:05:19.046875,16.333333333333332,"Impromptu Op. 142 No. 3, in B-Flat Major, D935",Franz Schubert,2011
229,229,0 days 00:05:20.002604,15.266666666666667,"Impromptu Op. 142 No. 3, in B-Flat Major, D935",Franz Schubert,2011
230,230,0 days 00:05:25,18.8,Impromptu Op. 90 No. 1,Franz Schubert,2018
231,231,0 days 00:05:03.072917,18.933333333333334,Impromptu Op. 90 No. 1 in C Minor,Franz Schubert,2008
232,232,0 days 00:05:07.020833,21.0,Impromptu Op. 90 No. 1 in C Minor,Franz Schubert,2013
233,233,0 days 00:05:26.003125,18.266666666666666,"Impromptu Op. 90 No. 1 in C Minor, D. 899",Franz Schubert,2017
234,234,0 days 00:05:23.950521,15.133333333333333,"Impromptu Op. 90 No. 1, in C Minor, D899",Franz Schubert,2011
235,235,0 days 00:05:26.026042,18.933333333333334,"Impromptu Op. 90 No. 1, in C Minor, D899",Franz Schubert,2011
236,236,0 days 00:03:34.108073,19.466666666666665,Impromptu Op. 90 No. 2,Franz Schubert,2008
237,237,0 days 00:04:15.037760,19.0,Impromptu Op. 90 No. 2 E-flat Major,Franz Schubert,2008
238,238,0 days 00:04:25.988281,16.333333333333332,Impromptu Op. 90 No. 2 in E-flat Major,Franz Schubert,2008
239,239,0 days 00:04:38.072917,15.933333333333334,Impromptu Op. 90 No. 2 in E-flat Major,Franz Schubert,2015
240,240,0 days 00:04:38.972917,16.866666666666667,"Impromptu Op. 90 No. 2 in E-flat Major, D. 899",Franz Schubert,2017
241,241,0 days 00:04:17.356771,16.866666666666667,"Impromptu Op. 90 No. 2 in E-flat Major, D899",Franz Schubert,2013
242,242,0 days 00:01:26.919271,10.466666666666667,Impromptu Op. 90 No. 3 in G-flat,Franz Schubert,2008
243,243,0 days 00:01:54.096354,8.6,Impromptu Op. 90 No. 3 in G-flat Major,Franz Schubert,2008
244,244,0 days 00:03:02.980469,8.733333333333333,Impromptu Op. 90 No. 3 in G-flat Major,Franz Schubert,2008
245,245,0 days 00:02:51.992708,9.0,Impromptu Op. 90 No. 3 in G-flat Major,Franz Schubert,2015
246,246,0 days 00:01:29.040625,10.2,Impromptu Op. 90 No. 3 in G-flat Major,Franz Schubert,2015
247,247,0 days 00:03:03.037500,9.066666666666666,Impromptu Op. 90 No. 3 in G-flat Major,Franz Schubert,2015
248,248,0 days 00:03:00.017708,9.0,"Impromptu Op. 90 No. 3 in G-flat Major, D. 899",Franz Schubert,2017
249,249,0 days 00:01:39,10.066666666666666,"Impromptu Op. 90 No. 3 in G-flat Major, D. 899",Franz Schubert,2017
250,250,0 days 00:02:58.020833,8.666666666666666,"Impromptu Op. 90 No. 3 in G-flat Major, D899",Franz Schubert,2013
251,251,0 days 00:01:34.971354,10.0,"Impromptu Op. 90 No. 3, in G-flat Major, D899",Franz Schubert,2011
252,252,0 days 00:01:58.976562,11.933333333333334,"Impromptu Op. 90 No. 3, in G-flat Major, D899",Franz Schubert,2011
253,253,0 days 00:04:32.014323,10.2,"Impromptu Op. 90, No. 3, in G-flat Major, D899",Franz Schubert,2011
254,254,0 days 00:06:10.006510,14.533333333333333,"Impromptu Op.142 No.3, in B-Flat Major, D935",Franz Schubert,2013
255,255,0 days 00:04:26,17.0,Impromptus Op. 90,Franz Schubert,2018
256,256,0 days 00:01:44.003125,9.0,"Impromptus Op. 90, No. 3",Franz Schubert,2004
257,257,0 days 00:06:00,20.666666666666668,Son. in Bb D.960,Franz Schubert,2006
258,258,0 days 00:10:46.936198,20.266666666666666,Son. in Bb D.960,Franz Schubert,2006
259,259,0 days 00:06:32.997396,21.733333333333334,Son. in Bb D.960,Franz Schubert,2006
260,260,0 days 00:03:06.002604,10.466666666666667,Son. in Bb D.961,Franz Schubert,2006
261,261,0 days 00:03:58.954427,9.333333333333334,Son. in Bb D.961,Franz Schubert,2006
262,262,0 days 00:05:13,9.2,Son. in Bb D.961,Franz Schubert,2006
263,263,0 days 00:11:41.994792,19.6,Son. in Bb D.962,Franz Schubert,2006
264,264,0 days 00:12:41.945312,19.266666666666666,Son. in Bb D.962,Franz Schubert,2006
265,265,0 days 00:11:51,21.4,Son. in Bb D.962,Franz Schubert,2006
266,266,0 days 00:04:23.971354,19.2,Sonata in A D959,Franz Schubert,2006
267,267,0 days 00:04:16.976562,19.0,Sonata in A D959,Franz Schubert,2006
268,268,0 days 00:04:29.011719,20.466666666666665,Sonata in A D959,Franz Schubert,2006
269,269,0 days 00:03:55.968750,20.266666666666666,Sonata in A D960,Franz Schubert,2006
270,270,0 days 00:03:44.973958,22.733333333333334,Sonata in A D960,Franz Schubert,2006
271,271,0 days 00:03:12.009115,19.333333333333332,Sonata in A D960,Franz Schubert,2006
272,272,0 days 00:14:20.945312,18.333333333333332,Sonata in A D961,Franz Schubert,2006
273,273,0 days 00:03:46.947917,15.933333333333334,Sonata in A D961,Franz Schubert,2006
274,274,0 days 00:13:27.994792,16.733333333333334,Sonata in A D961,Franz Schubert,2006
275,275,0 days 00:10:14.002604,18.2,Sonata in A D962,Franz Schubert,2006
276,276,0 days 00:04:24.988281,19.466666666666665,"Sonata in A Major, D. 959 (Complete)",Franz Schubert,2014
277,277,0 days 00:04:28.006510,17.933333333333334,"Sonata in A Major, D. 959 (Complete)",Franz Schubert,2014
278,278,0 days 00:19:32.002604,22.533333333333335,"Sonata in A Major, D. 959 (Complete)",Franz Schubert,2014
279,279,0 days 00:04:14.511719,21.4,"Sonata in A Major, D959",Franz Schubert,2018
280,280,0 days 00:04:10.002604,13.333333333333334,Sonata in A Min.,Franz Schubert,2006
281,281,0 days 00:11:31.002604,16.0,Sonata in A Min.,Franz Schubert,2006
282,282,0 days 00:02:09.983073,13.8,Sonata in A Min.,Franz Schubert,2006
283,283,0 days 00:04:57.994792,18.6,Sonata in A Min.,Franz Schubert,2006
284,284,0 days 00:08:04.959635,14.533333333333333,Sonata in A Min.,Franz Schubert,2006
285,285,0 days 00:09:50.957031,16.4,Sonata in A Min.,Franz Schubert,2006
286,286,0 days 00:01:53.957031,13.6,Sonata in A Min.,Franz Schubert,2006
287,287,0 days 00:04:22.028646,20.333333333333332,Sonata in A Min.,Franz Schubert,2006
288,288,0 days 00:01:02.964844,15.6,"Sonata in A Minor, D. 845",Franz Schubert,2009
289,289,0 days 00:05:10.018229,17.8,"Sonata in A Minor, D. 846",Franz Schubert,2009
290,290,0 days 00:04:30.985677,12.533333333333333,"Sonata in A Minor, D. 847",Franz Schubert,2009
291,291,0 days 00:04:42.938802,19.533333333333335,"Sonata in A Minor, D. 848",Franz Schubert,2009
292,292,0 days 00:30:34.454427,18.8,"Sonata in A Minor, D845",Franz Schubert,2018
293,293,0 days 00:15:52.035156,24.333333333333332,"Sonata in A minor, D. 845 (Complete)",Franz Schubert,2014
294,294,0 days 00:10:29,19.6,Sonata in B-flat Major D. 960,Franz Schubert,2009
295,295,0 days 00:04:07.954427,8.866666666666667,Sonata in B-flat Major D. 961,Franz Schubert,2009
296,296,0 days 00:02:43.992188,20.266666666666666,Sonata in B-flat Major D. 962,Franz Schubert,2009
297,297,0 days 00:02:21.035156,20.6,Sonata in B-flat Major D. 963,Franz Schubert,2009
298,298,0 days 00:11:06.002604,18.6,"Sonata in B-flat Major, D. 960",Franz Schubert,2009
299,299,0 days 00:10:31.011719,19.466666666666665,"Sonata in B-flat Major, D. 960 (Complete)",Franz Schubert,2014
300,300,0 days 00:32:33.985677,21.133333333333333,"Sonata in B-flat Major, D. 960 (Complete)",Franz Schubert,2014
301,301,0 days 00:04:27.950521,8.266666666666667,"Sonata in B-flat Major, D. 961",Franz Schubert,2009
302,302,0 days 00:00:53.971354,20.466666666666665,"Sonata in B-flat Major, D. 962",Franz Schubert,2009
303,303,0 days 00:08:27.011719,18.733333333333334,"Sonata in B-flat Major, D. 963",Franz Schubert,2009
304,304,0 days 00:10:34.084375,20.6,"Sonata in B-flat Major, D960",Franz Schubert,2004
305,305,0 days 00:03:55.006250,8.933333333333334,"Sonata in B-flat Major, D960",Franz Schubert,2004
306,306,0 days 00:00:56.991667,19.133333333333333,"Sonata in B-flat Major, D960",Franz Schubert,2004
307,307,0 days 00:07:26.988542,19.8,"Sonata in B-flat Major, D960",Franz Schubert,2004
308,308,0 days 00:07:15.048958,20.133333333333333,"Sonata in B-flat Major, D960",Franz Schubert,2004
309,309,0 days 00:03:53.359375,9.066666666666666,"Sonata in B-flat Major, D960",Franz Schubert,2004
310,310,0 days 00:00:57.303125,17.933333333333334,"Sonata in B-flat Major, D960",Franz Schubert,2004
311,311,0 days 00:07:58.072917,19.266666666666666,"Sonata in B-flat Major, D960",Franz Schubert,2004
312,312,0 days 00:15:56.002604,20.466666666666665,"Sonata in B-flat Major, D960",Franz Schubert,2018
313,313,0 days 00:29:23,21.6,"Sonata in B-flat Major, D960",Franz Schubert,2018
314,314,0 days 00:03:04.020833,17.6,"Sonata in C  Minor, D. 958",Franz Schubert,2009
315,315,0 days 00:02:32.988281,16.866666666666667,"Sonata in C  Minor, D. 959",Franz Schubert,2009
316,316,0 days 00:00:08.035156,12.866666666666667,"Sonata in C  Minor, D. 960",Franz Schubert,2009
317,317,0 days 00:02:06.994792,26.733333333333334,"Sonata in C  Minor, D. 961",Franz Schubert,2009
318,318,0 days 00:03:10.968750,17.2,"Sonata in C Minor, D. 958",Franz Schubert,2009
319,319,0 days 00:00:30.014323,15.133333333333333,"Sonata in C Minor, D. 958",Franz Schubert,2009
320,320,0 days 00:23:14.032552,21.666666666666668,"Sonata in C Minor, D. 958 (Complete)",Franz Schubert,2014
321,321,0 days 00:22:55.983073,22.333333333333332,"Sonata in C Minor, D. 958 (Complete)",Franz Schubert,2014
322,322,0 days 00:02:39.009115,17.133333333333333,"Sonata in C Minor, D. 959",Franz Schubert,2009
323,323,0 days 00:03:10.985677,15.533333333333333,"Sonata in C Minor, D. 959",Franz Schubert,2009
324,324,0 days 00:00:11.014323,14.2,"Sonata in C Minor, D. 960",Franz Schubert,2009
325,325,0 days 00:00:10.028646,14.266666666666667,"Sonata in C Minor, D. 960",Franz Schubert,2009
326,326,0 days 00:02:05.971354,23.133333333333333,"Sonata in C Minor, D. 961",Franz Schubert,2009
327,327,0 days 00:07:20.988281,21.4,"Sonata in C Minor, D. 961",Franz Schubert,2009
328,328,0 days 00:02:19.988542,15.066666666666666,"Sonata in C Minor, D958",Franz Schubert,2004
329,329,0 days 00:06:13.043750,15.133333333333333,"Sonata in C Minor, D958",Franz Schubert,2004
330,330,0 days 00:10:30.014583,20.933333333333334,"Sonata in C Minor, D958",Franz Schubert,2004
331,331,0 days 00:03:00.017708,17.266666666666666,"Sonata in C Minor, D958",Franz Schubert,2004
332,332,0 days 00:05:37.063542,18.4,"Sonata in C Minor, D958",Franz Schubert,2004
333,333,0 days 00:09:55.037500,24.733333333333334,"Sonata in C Minor, D958",Franz Schubert,2004
334,334,0 days 00:03:05.003125,16.866666666666667,"Sonata in C Minor, D958",Franz Schubert,2004
335,335,0 days 00:05:30.003125,17.666666666666668,"Sonata in C Minor, D958",Franz Schubert,2004
336,336,0 days 00:02:08,15.466666666666667,"Sonata in C Minor, D958",Franz Schubert,2004
337,337,0 days 00:07:07.006250,22.733333333333334,"Sonata in C Minor, D958",Franz Schubert,2004
338,338,0 days 00:27:04.319010,23.0,"Sonata in C Minor, D958",Franz Schubert,2018
339,339,0 days 00:22:29.959635,21.666666666666668,"Sonata in C Minor, D958",Franz Schubert,2018
340,340,0 days 00:21:00.636719,24.066666666666666,"Sonata in C Minor, D958",Franz Schubert,2018
341,341,0 days 00:27:22.020833,21.666666666666668,"Sonata in C Minor, D958",Franz Schubert,2018
342,342,0 days 00:00:25,18.866666666666667,"Sonata in D Major, D. 850 (Complete)",Franz Schubert,2014
343,343,0 days 00:06:18.055208,19.8,"Sonata in D Major, D850",Franz Schubert,2004
344,344,0 days 00:10:18.075000,16.4,"Sonata in D Major, D850",Franz Schubert,2004
345,345,0 days 00:01:10.012500,16.466666666666665,"Sonata in D Major, D850",Franz Schubert,2004
346,346,0 days 00:01:48.148958,18.0,"Sonata in D Major, D850",Franz Schubert,2004
347,347,0 days 00:03:00.032552,19.333333333333332,"Sonata in D Major, D850",Franz Schubert,2018
348,348,0 days 00:23:03.006510,19.0,Sonata in G Major D894,Franz Schubert,2018
349,349,0 days 00:25:39.006510,20.266666666666666,Sonata in G Major D894,Franz Schubert,2018
350,350,0 days 00:27:09.944010,20.333333333333332,Sonata in G Major D894,Franz Schubert,2018
351,351,0 days 00:10:01.032292,12.0,"Sonata in G Major, D 894",Franz Schubert,2004
352,352,0 days 00:04:32.043750,12.866666666666667,"Sonata in G Major, D 894",Franz Schubert,2004
353,353,0 days 00:01:26.020833,18.6,"Sonata in G Major, D 894",Franz Schubert,2004
354,354,0 days 00:06:13.072917,18.8,"Sonata in G Major, D 894",Franz Schubert,2004
355,355,0 days 00:03:11.959635,12.0,"Sonata in G Major, D. 894",Franz Schubert,2009
356,356,0 days 00:13:13.011719,14.0,"Sonata in G Major, D. 894",Franz Schubert,2009
357,357,0 days 00:04:15.985677,12.866666666666667,"Sonata in G Major, D. 895",Franz Schubert,2009
358,358,0 days 00:04:56.028646,12.733333333333333,"Sonata in G Major, D. 895",Franz Schubert,2009
359,359,0 days 00:03:28.020833,18.733333333333334,"Sonata in G Major, D. 896",Franz Schubert,2009
360,360,0 days 00:01:27.992188,18.533333333333335,"Sonata in G Major, D. 896",Franz Schubert,2009
361,361,0 days 00:02:15.976562,18.866666666666667,"Sonata in G Major, D. 897",Franz Schubert,2009
362,362,0 days 00:02:04.035156,20.666666666666668,"Sonata in G Major, D. 897",Franz Schubert,2009
363,363,0 days 00:13:55.061458,10.4,"Sonata in G Major, D894",Franz Schubert,2004
364,364,0 days 00:14:50.089583,18.666666666666668,"Sonata in G Major, D894",Franz Schubert,2004
365,365,0 days 00:06:42,12.933333333333334,"Sonata in G Major, D894",Franz Schubert,2004
366,366,0 days 00:04:29,14.266666666666667,"Sonata in G Major, D894",Franz Schubert,2004
367,367,0 days 00:05:54.993750,23.2,"Sonata in G Major, D894",Franz Schubert,2004
368,368,0 days 00:02:23,19.466666666666665,Die Forelle,Franz Schubert / Franz Liszt,2011
369,369,0 days 00:05:19.997396,23.866666666666667,"Fruelingsglaube, Die Junge Nonne",Franz Schubert / Franz Liszt,2006
370,370,0 days 00:02:10.991667,23.666666666666668,"Song Transcriptions: Aufenthalt, Gretchen am Spinnrade, Standchen von Shakespeare, Der Erlkonig",Franz Schubert / Franz Liszt,2004
371,371,0 days 00:01:53.022917,19.533333333333335,"Song Transcriptions: Aufenthalt, Gretchen am Spinnrade, Standchen von Shakespeare, Der Erlkonig",Franz Schubert / Franz Liszt,2004
372,372,0 days 00:04:12.983073,11.8,"Staendchen from Schwannengesang, R245/7",Franz Schubert / Franz Liszt,2011
373,373,0 days 00:02:02.618490,19.866666666666667,"Standchen, S. 558, NO. 9, ""Horch, horch! Die Lerch""",Franz Schubert / Franz Liszt,2011
374,374,0 days 00:00:51.967708,13.666666666666666,Moment Musical Op. 94 No. 3 in F-sharp Minor,Franz Schubert / Leopold Godowsky,2015
375,375,0 days 00:04:33.018229,25.2,Liebesfreud,Fritz Kreisler / Sergei Rachmaninoff,2011
376,376,0 days 00:19:47.986458,42.6,"12 Etudes, Op. 25",Frédéric Chopin,2004
377,377,0 days 00:02:57.008333,24.533333333333335,"12 Etudes, Op. 25",Frédéric Chopin,2004
378,378,0 days 00:14:39.121875,25.8,"24 Preludes, Op. 28",Frédéric Chopin,2004
379,379,0 days 00:07:51.552083,20.933333333333334,"Andante Spianato and Grand Polonaise Brilliante, Op. 22",Frédéric Chopin,2008
380,380,0 days 00:13:18.407552,24.533333333333335,"Andante Spianato and Grand Polonaise Brilliante, Op. 22",Frédéric Chopin,2008
381,381,0 days 00:06:11,23.533333333333335,"Andante Spianato and Grande Polonaise Brillante, Op. 22",Frédéric Chopin,2009
382,382,0 days 00:12:58.992188,23.2,"Andante Spianato and Grande Polonaise Brillante, Op. 22",Frédéric Chopin,2009
383,383,0 days 00:06:30.040365,19.933333333333334,"Andante Spianato et Grande Polonaise Brillante, Op. 22",Frédéric Chopin,2011
384,384,0 days 00:12:26.968750,22.466666666666665,"Andante Spianato et Grande Polonaise Brillante, Op. 22",Frédéric Chopin,2011
385,385,0 days 00:08:00.032292,19.666666666666668,"Andante spianato e grande polonaise, Op. 22",Frédéric Chopin,2017
386,386,0 days 00:12:02.350000,21.2,"Andante spianato e grande polonaise, Op. 22",Frédéric Chopin,2017
387,387,0 days 00:06:36,22.4,"Andante spianato et grande polonaise brillante, Op. 22",Frédéric Chopin,2014
388,388,0 days 00:07:49.977083,19.466666666666665,"Andante spianato et grande polonaise brillante, Op. 22",Frédéric Chopin,2015
389,389,0 days 00:06:47.014583,21.333333333333332,"Andante spianato et grande polonaise brillante, Op. 22",Frédéric Chopin,2015
390,390,0 days 00:07:13.617188,21.333333333333332,"Andante spianato et grande polonaise brillante, Op. 22",Frédéric Chopin,2013
391,391,0 days 00:09:17,23.0,Ballade 4 Op. 52,Frédéric Chopin,2006
392,392,0 days 00:08:03.977083,24.733333333333334,"Ballade No. 1 in G Minor, Op. 23",Frédéric Chopin,2004
393,393,0 days 00:08:02.985417,22.733333333333334,"Ballade No. 1 in G Minor, Op. 23",Frédéric Chopin,2004
394,394,0 days 00:07:29.990625,23.266666666666666,"Ballade No. 1 in G Minor, Op. 23",Frédéric Chopin,2004
395,395,0 days 00:07:32.936458,23.4,"Ballade No. 1 in G Minor, Op. 23",Frédéric Chopin,2015
396,396,0 days 00:08:44.002604,22.133333333333333,"Ballade No. 1 in G Minor, Op. 23",Frédéric Chopin,2013
397,397,0 days 00:07:24.023438,26.066666666666666,"Ballade No. 1 in G Minor, Op. 23",Frédéric Chopin,2013
398,398,0 days 00:07:36.992188,23.066666666666666,"Ballade No. 1 in G Minor, Op. 23",Frédéric Chopin,2011
399,399,0 days 00:07:48.026042,24.133333333333333,"Ballade No. 1 in G Minor, Op. 23",Frédéric Chopin,2011
400,400,0 days 00:07:23.983073,25.466666666666665,"Ballade No. 1 in G Minor, Op. 23",Frédéric Chopin,2011
401,401,0 days 00:08:14.004167,24.466666666666665,"Ballade No. 1 in G Minor, Op. 23",Frédéric Chopin,2017
402,402,0 days 00:05:03.002604,26.533333333333335,Ballade No. 2 in F Major,Frédéric Chopin,2008
403,403,0 days 00:06:31.727865,25.8,"Ballade No. 2 in F Major, Op. 38",Frédéric Chopin,2009
404,404,0 days 00:06:12,24.4,"Ballade No. 2 in F Major, Op. 38",Frédéric Chopin,2008
405,405,0 days 00:06:59.988542,28.6,"Ballade No. 2 in F Major, Op. 38",Frédéric Chopin,2017
406,406,0 days 00:05:23.023438,25.733333333333334,"Ballade No. 3 in A-flat Major, Op. 47",Frédéric Chopin,2008
407,407,0 days 00:05:28,25.2,"Ballade No. 3 in A-flat Major, Op. 47",Frédéric Chopin,2011
408,408,0 days 00:09:11.992188,24.066666666666666,"Ballade No. 4 in F Minor, Op. 52",Frédéric Chopin,2008
409,409,0 days 00:10:00.934896,20.533333333333335,"Ballade No. 4 in F Minor, Op. 52",Frédéric Chopin,2008
410,410,0 days 00:09:59,23.0,"Ballade No. 4 in F Minor, Op. 52",Frédéric Chopin,2014
411,411,0 days 00:09:25.964844,23.0,"Ballade No. 4 in F Minor, Op. 52",Frédéric Chopin,2013
412,412,0 days 00:09:19.684896,22.466666666666665,"Ballade No. 4 in F Minor, Op. 52",Frédéric Chopin,2011
413,413,0 days 00:10:26.003125,20.266666666666666,"Ballade No. 4 in F Minor, Op. 52",Frédéric Chopin,2017
414,414,0 days 00:10:15.971354,22.266666666666666,"Ballade No. 4 in F minor, Op. 52",Frédéric Chopin,2008
415,415,0 days 00:06:40.983073,20.866666666666667,Barcarolle in F#,Frédéric Chopin,2006
416,416,0 days 00:06:50.009115,20.6,"Barcarolle in F-sharp Major, Op. 60",Frédéric Chopin,2013
417,417,0 days 00:07:37.020833,19.066666666666666,"Barcarolle, Op. 60",Frédéric Chopin,2009
418,418,0 days 00:06:26.134115,20.866666666666667,"Barcarolle, Op. 60",Frédéric Chopin,2008
419,419,0 days 00:07:14.986979,19.6,"Barcarolle, Op. 60",Frédéric Chopin,2013
420,420,0 days 00:07:02.979167,19.6,"Barcarolle, Op. 60",Frédéric Chopin,2017
421,421,0 days 00:11:45.026042,27.066666666666666,"Complete Etudes, Opus 25",Frédéric Chopin,2004
422,422,0 days 00:03:36.991667,30.0,"Complete Etudes, Opus 25",Frédéric Chopin,2004
423,423,0 days 00:00:08.028125,13.133333333333333,Etude Op. 10 No. 1,Frédéric Chopin,2015
424,424,0 days 00:00:07.772917,13.4,Etude Op. 10 No. 1,Frédéric Chopin,2015
425,425,0 days 00:01:16.996875,15.266666666666667,Etude Op. 10 No. 1,Frédéric Chopin,2015
426,426,0 days 00:00:55.967708,13.4,Etude Op. 10 No. 1,Frédéric Chopin,2015
427,427,0 days 00:00:08.002604,14.0,Etude Op. 10 No. 1,Frédéric Chopin,2013
428,428,0 days 00:00:07.991667,13.0,Etude Op. 10 No. 1 in C Major,Frédéric Chopin,2017
429,429,0 days 00:00:58.986458,12.333333333333334,Etude Op. 10 No. 1 in C Major,Frédéric Chopin,2017
430,430,0 days 00:00:07.977083,13.266666666666667,Etude Op. 10 No. 1 in C Major,Frédéric Chopin,2017
431,431,0 days 00:00:13.962500,22.133333333333333,Etude Op. 10 No. 10 in A-flat Major,Frédéric Chopin,2017
432,432,0 days 00:00:20.040625,19.2,Etude Op. 10 No. 2,Frédéric Chopin,2015
433,433,0 days 00:00:14.989583,23.0,Etude Op. 10 No. 2,Frédéric Chopin,2013
434,434,0 days 00:01:02,20.666666666666668,Etude Op. 10 No. 2 in A Minor,Frédéric Chopin,2017
435,435,0 days 00:00:55.997396,22.0,Etude Op. 10 No. 4,Frédéric Chopin,2013
436,436,0 days 00:00:54.994792,23.266666666666666,Etude Op. 10 No. 4,Frédéric Chopin,2013
437,437,0 days 00:01:47.006510,22.866666666666667,Etude Op. 10 No. 4 in C-Sharp Minor,Frédéric Chopin,2011
438,438,0 days 00:00:08.023438,22.733333333333334,Etude Op. 10 No. 4 in C-Sharp Minor,Frédéric Chopin,2011
439,439,0 days 00:01:48.968750,20.8,Etude Op. 10 No. 4 in C-Sharp Minor,Frédéric Chopin,2011
440,440,0 days 00:01:48.964844,22.533333333333335,Etude Op. 10 No. 4 in C-sharp Minor,Frédéric Chopin,2008
441,441,0 days 00:01:49,21.266666666666666,Etude Op. 10 No. 4 in C-sharp Minor,Frédéric Chopin,2017
442,442,0 days 00:00:56.973958,21.8,Etude Op. 10 No. 4 in C-sharp Minor,Frédéric Chopin,2017
443,443,0 days 00:01:38.037500,21.666666666666668,Etude Op. 10 No. 4 in C-sharp Minor,Frédéric Chopin,2017
444,444,0 days 00:01:20.896875,21.2,Etude Op. 10 No. 8,Frédéric Chopin,2015
445,445,0 days 00:01:10.994792,23.733333333333334,Etude Op. 10 No. 8,Frédéric Chopin,2013
446,446,0 days 00:01:16.971354,20.8,Etude Op. 10 No. 8 in F Major,Frédéric Chopin,2008
447,447,0 days 00:01:14.958333,22.266666666666666,Etude Op. 10 No. 8 in F Major,Frédéric Chopin,2011
448,448,0 days 00:01:24.985677,19.8,Etude Op. 10 No. 8 in F Major,Frédéric Chopin,2011
449,449,0 days 00:01:56.014583,18.0,Etude Op. 25 No. 1,Frédéric Chopin,2015
450,450,0 days 00:00:57.231771,18.6,Etude Op. 25 No. 1,Frédéric Chopin,2013
451,451,0 days 00:00:31.287500,15.866666666666667,Etude Op. 25 No. 1 in A-flat Major,Frédéric Chopin,2017
452,452,0 days 00:00:09.967708,16.6,Etude Op. 25 No. 1 in A-flat Major,Frédéric Chopin,2017
453,453,0 days 00:00:27.957031,35.333333333333336,Etude Op. 25 No. 10,Frédéric Chopin,2013
454,454,0 days 00:00:23.035156,40.333333333333336,Etude Op. 25 No. 10 in B Minor,Frédéric Chopin,2011
455,455,0 days 00:00:26.992188,42.13333333333333,Etude Op. 25 No. 10 in B Minor,Frédéric Chopin,2011
456,456,0 days 00:00:23.996875,32.733333333333334,Etude Op. 25 No. 10 in B Minor,Frédéric Chopin,2017
457,457,0 days 00:03:19.973958,21.866666666666667,Etude Op. 25 No. 11,Frédéric Chopin,2015
458,458,0 days 00:03:14.106250,20.666666666666668,Etude Op. 25 No. 11,Frédéric Chopin,2015
459,459,0 days 00:02:58.002604,23.8,Etude Op. 25 No. 11,Frédéric Chopin,2013
460,460,0 days 00:03:37.933594,19.733333333333334,Etude Op. 25 No. 11 in A Minor,Frédéric Chopin,2008
461,461,0 days 00:03:02.014323,23.866666666666667,Etude Op. 25 No. 11 in A Minor,Frédéric Chopin,2011
462,462,0 days 00:03:20.983073,21.066666666666666,Etude Op. 25 No. 11 in A Minor,Frédéric Chopin,2011
463,463,0 days 00:03:17,22.6,Etude Op. 25 No. 11 in A Minor,Frédéric Chopin,2011
464,464,0 days 00:02:59.985677,24.266666666666666,Etude Op. 25 No. 11 in A Minor,Frédéric Chopin,2011
465,465,0 days 00:03:23,20.6,Etude Op. 25 No. 11 in A Minor,Frédéric Chopin,2017
466,466,0 days 00:00:59.830208,22.133333333333333,Etude Op. 25 No. 12,Frédéric Chopin,2015
467,467,0 days 00:00:09.887500,20.4,Etude Op. 25 No. 12,Frédéric Chopin,2015
468,468,0 days 00:02:02.358073,25.266666666666666,Etude Op. 25 No. 12 in C Minor,Frédéric Chopin,2011
469,469,0 days 00:02:24.751302,19.466666666666665,Etude Op. 25 No. 5 in E Minor,Frédéric Chopin,2008
470,470,0 days 00:01:00.962500,29.266666666666666,Etude Op. 25 No. 6,Frédéric Chopin,2015
471,471,0 days 00:00:57.975260,29.8,Etude Op. 25 No. 6,Frédéric Chopin,2013
472,472,0 days 00:00:57.997396,29.2,Etude Op. 25 No. 6 in G-sharp Minor,Frédéric Chopin,2011
473,473,0 days 00:00:55.002604,27.533333333333335,Etude Op. 25 No. 6 in G-sharp Minor,Frédéric Chopin,2011
474,474,0 days 00:03:25.037760,21.666666666666668,"Etude in A Minor, Op. 25, No. 11",Frédéric Chopin,2014
475,475,0 days 00:01:26.035156,21.333333333333332,"Etude in F Major, Op. 10, No. 8",Frédéric Chopin,2014
476,476,0 days 00:01:19.773438,21.266666666666666,Etudes Op. 10 Nos. 8,Frédéric Chopin,2011
477,477,0 days 00:04:18,21.133333333333333,Etudes Op. 25 Nos. 1-5,Frédéric Chopin,2013
478,478,0 days 00:03:06.980469,11.133333333333333,Mazurka Op. 50 No. 3 in C-sharp Minor,Frédéric Chopin,2013
479,479,0 days 00:02:20.011719,11.866666666666667,"Mazurka in C-sharp Minor, Op. 50 No. 3",Frédéric Chopin,2013
480,480,0 days 00:03:11.966146,8.0,"Nocturne in C-Sharp Minor, Op. Posth.",Frédéric Chopin,2014
481,481,0 days 00:01:25,9.133333333333333,"Preludes, Book II, L 123, VI. Général Lavine - eccentric",Frédéric Chopin,2015
482,482,0 days 00:16:17.014323,25.6,"Preludes, Op.28",Frédéric Chopin,2009
483,483,0 days 00:09:26.986979,21.466666666666665,"Scherzo No. 2 in B-Flat Minor, Op.31",Frédéric Chopin,2014
484,484,0 days 00:09:28,19.4,"Scherzo No. 2 in B-flat Major, Op. 31",Frédéric Chopin,2015
485,485,0 days 00:09:08.016667,20.0,"Scherzo No. 2 in B-flat Major, Op. 31",Frédéric Chopin,2017
486,486,0 days 00:07:13.967708,18.8,"Scherzo No. 2 in B-flat Major, Op. 31",Frédéric Chopin,2017
487,487,0 days 00:08:57.932292,20.4,"Scherzo No. 2 in B-flat Minor, Op. 31",Frédéric Chopin,2008
488,488,0 days 00:08:05.581250,21.133333333333333,"Scherzo No. 2 in B-flat Minor, Op. 31",Frédéric Chopin,2015
489,489,0 days 00:06:53.937500,20.466666666666665,"Scherzo No. 2 in B-flat Minor, Op. 31",Frédéric Chopin,2015
490,490,0 days 00:06:40.966667,23.333333333333332,"Scherzo No. 2 in B-flat Minor, Op. 31",Frédéric Chopin,2015
491,491,0 days 00:09:30.027083,19.8,"Scherzo No. 2 in B-flat Minor, Op. 31",Frédéric Chopin,2015
492,492,0 days 00:09:25.011458,21.4,"Scherzo No. 2 in B-flat Minor, Op. 31",Frédéric Chopin,2017
493,493,0 days 00:07:02.973958,19.266666666666666,"Scherzo No. 2 in B-flat Minor, Op.31",Frédéric Chopin,2009
494,494,0 days 00:06:32.151042,19.8,Scherzo No. 3,Frédéric Chopin,2006
495,495,0 days 00:00:45.991667,19.0,"Scherzo No. 3 in C-sharp Minor, Op. 39",Frédéric Chopin,2015
496,496,0 days 00:11:10.026042,18.866666666666667,"Scherzo No. 4  in E Major, Op. 54",Frédéric Chopin,2011
497,497,0 days 00:10:27.052083,20.4,"Scherzo No. 4 in E Major, Op. 54",Frédéric Chopin,2004
498,498,0 days 00:11:18.962240,18.933333333333334,"Scherzo No. 4 in E Major, Op. 54",Frédéric Chopin,2009
499,499,0 days 00:10:12.044271,21.533333333333335,"Scherzo No. 4 in E Major, Op. 54",Frédéric Chopin,2008
500,500,0 days 00:06:53.970052,18.866666666666667,"Scherzo No. 4 in E Major, Op. 54",Frédéric Chopin,2014
501,501,0 days 00:10:53.009375,20.066666666666666,"Scherzo No. 4 in E Major, Op. 54",Frédéric Chopin,2015
502,502,0 days 00:10:38.994792,19.533333333333335,"Scherzo No. 4 in E Major, Op. 54",Frédéric Chopin,2013
503,503,0 days 00:10:43.990625,20.4,"Scherzo No. 4 in E Major, Op. 54",Frédéric Chopin,2017
504,504,0 days 00:10:17.963542,21.933333333333334,"Scherzo No. 4 in E Major, Op. 54",Frédéric Chopin,2017
505,505,0 days 00:10:08.008333,19.2,"Scherzo No. 4 in E Major, Op. 54",Frédéric Chopin,2017
506,506,0 days 00:10:42.947917,19.266666666666666,"Scherzo No. 4 in E Major, Op. 54",Frédéric Chopin,2017
507,507,0 days 00:23:10.907552,25.466666666666665,Sonata 3 Op. 58,Frédéric Chopin,2006
508,508,0 days 00:25:45.950521,19.333333333333332,Sonata No. 3,Frédéric Chopin,2006
509,509,0 days 00:04:24.034375,17.4,"Sonata No. 3 in B Minor, Op. 58",Frédéric Chopin,2004
510,510,0 days 00:02:24.011458,16.6,"Sonata No. 3 in B Minor, Op. 58",Frédéric Chopin,2004
511,511,0 days 00:11:54.066667,21.133333333333333,"Sonata No. 3 in B Minor, Op. 58",Frédéric Chopin,2004
512,512,0 days 00:26:52.983073,19.4,"Sonata No. 3 in B Minor, Op. 58",Frédéric Chopin,2018
513,513,0 days 00:25:44.983073,20.0,"Sonata No. 3 in B Minor, Op. 58",Frédéric Chopin,2018
514,514,0 days 00:24:53.872396,23.266666666666666,"Sonata No. 3 in B Minor, Op. 58 (Complete)",Frédéric Chopin,2014
515,515,0 days 00:23:39.976562,24.133333333333333,"Sonata No. 3 in B Minor, Op. 58 (Complete)",Frédéric Chopin,2014
516,516,0 days 00:04:42.858073,16.066666666666666,"Sonata No. 3 in B Minor, Op. 58, 1st mov.",Frédéric Chopin,2013
517,517,0 days 00:04:30.034375,17.2,"Sonata No. 3 in B Minor, Op. 58, I. Allegro maestoso",Frédéric Chopin,2017
518,518,0 days 00:23:11.032292,23.733333333333334,"Sonata in B Minor, Op. 58",Frédéric Chopin,2004
519,519,0 days 00:02:43.976562,9.0,"Two Preludes from Op. 28, Nos. 15 and 24",Frédéric Chopin,2011
520,520,0 days 00:01:22.042969,20.133333333333333,"Two Preludes from Op. 28, Nos. 15 and 24",Frédéric Chopin,2011
521,521,0 days 00:21:51.936198,26.266666666666666,Suite Op. 10,George Enescu,2006
522,522,0 days 00:03:58.011719,15.666666666666666,Chaconne in G,George Frideric Handel,2009
523,523,0 days 00:05:12.971354,14.666666666666666,"Chaconne in G Major, HWV 435",George Frideric Handel,2018
524,524,0 days 00:03:00.996875,12.666666666666666,"Suite No. 2 in F Major, HWV 427 (Complete)",George Frideric Handel,2017
525,525,0 days 00:09:59.006250,16.2,Suite No. 3 in D Minor,George Frideric Handel,2004
526,526,0 days 00:11:18.973958,14.666666666666666,Suite No. 3 in D Minor,George Frideric Handel,2009
527,527,0 days 00:00:08.032552,29.0,"Sonatina No. 6, BV284 “Fantasia da Camera super Carmen”",Georges Bizet / Ferruccio Busoni,2014
528,528,0 days 00:05:15.046875,26.933333333333334,"Chanson Boheme de l'Opera ""Carmen"" by Georges Bizet",Georges Bizet / Moritz Moszkowski,2017
529,529,0 days 00:03:39.005208,30.066666666666666,Carmen Variations,Georges Bizet / Vladimir Horowitz,2017
530,530,0 days 00:05:25,25.266666666666666,Rigoletto Parap.,Giuseppe Verdi / Franz Liszt,2006
531,531,0 days 00:00:14.020833,9.933333333333334,"Suite in C Major, Z. 666 (Complete)",Henry Purcell,2014
532,532,0 days 00:04:07.006510,19.066666666666666,Asturias,Isaac Albéniz,2009
533,533,0 days 00:02:48.023438,10.466666666666667,"Evocacion from ""Iberia""",Isaac Albéniz,2009
534,534,0 days 00:18:47,20.8,Iberia Book II,Isaac Albéniz,2006
535,535,0 days 00:02:55.011458,10.133333333333333,"Iberia, Evocation, Triana",Isaac Albéniz,2004
536,536,0 days 00:02:44.015625,21.133333333333333,"Iberia, Evocation, Triana",Isaac Albéniz,2004
537,537,0 days 00:01:57.957031,22.333333333333332,Navarra,Isaac Albéniz,2009
538,538,0 days 00:02:31.020833,22.466666666666665,Triana from 'Iberia',Isaac Albéniz,2004
539,539,0 days 00:01:09.957031,10.133333333333333,Tango,Isaac Albéniz / Leopold Godowsky,2009
540,540,0 days 00:04:50.962240,11.933333333333334,RameauSelections,Jean-Philippe Rameau,2006
541,541,0 days 00:10:54.993750,15.466666666666667,12 Variations on a Theme from a Menuet by Fischer,Johann Christian Fischer / Wolfgang Amadeus Mozart,2004
542,542,0 days 00:02:04.014323,5.4,Chaconne in F Minor,Johann Pachelbel,2008
543,543,0 days 00:10:17.936198,15.2,"Chromatic Fantasy and Fugue in D Minor, BWV 903",Johann Sebastian Bach,2018
544,544,0 days 00:11:45.680990,14.8,"Chromatic Fantasy and Fugue in D Minor, BWV 903",Johann Sebastian Bach,2014
545,545,0 days 00:08:26.081250,14.0,"Chromatic Fantasy and Fugue in D Minor, BWV 903",Johann Sebastian Bach,2015
546,546,0 days 00:00:28.971354,10.333333333333334,"Duet in E Minor, BWV 802",Johann Sebastian Bach,2009
547,547,0 days 00:01:41.959635,12.733333333333333,"Duet in G, BWV 804",Johann Sebastian Bach,2009
548,548,0 days 00:02:37.996875,13.133333333333333,"English Suite No. 2  in A Minor, BWV 807, I. Prelude",Johann Sebastian Bach,2015
549,549,0 days 00:02:12.959635,15.4,"English Suite in A Minor, BWV 807",Johann Sebastian Bach,2018
550,550,0 days 00:13:20.787760,16.6,"English Suite in A Minor, BWV 807",Johann Sebastian Bach,2013
551,551,0 days 00:00:13.066406,16.8,"English Suite no. 3 in G Minor, Prelude",Johann Sebastian Bach,2008
552,552,0 days 00:03:52.092708,14.933333333333334,French Suite No. 5 in G Major,Johann Sebastian Bach,2004
553,553,0 days 00:03:48.032292,14.6,French Suite No. 5 in G Major,Johann Sebastian Bach,2004
554,554,0 days 00:01:39.091667,14.466666666666667,French Suite No. 5 in G Major,Johann Sebastian Bach,2004
555,555,0 days 00:02:26.035156,14.2,"Italian Concerto in F Major, BWV 971 (Complete)",Johann Sebastian Bach,2014
556,556,0 days 00:02:12.971354,16.333333333333332,"Italian Concerto, BWV 971",Johann Sebastian Bach,2018
557,557,0 days 00:02:12.011458,14.333333333333334,"Italian Concerto, BWV 971 (Complete)",Johann Sebastian Bach,2015
558,558,0 days 00:05:10.976562,13.266666666666667,"Partita No. 1 in B-Flat Major, BWV 825 (Complete)",Johann Sebastian Bach,2014
559,559,0 days 00:04:03.023438,13.866666666666667,"Partita No. 2 in C Minor, I. Sinfonia",Johann Sebastian Bach,2013
560,560,0 days 00:17:54.957031,15.6,"Partita No. 4 in D Major, BWV 828",Johann Sebastian Bach,2018
561,561,0 days 00:18:09.014323,11.8,Partita No. 6 in E Minor,Johann Sebastian Bach,2009
562,562,0 days 00:04:00.997396,14.2,"Partita in C Minor, BWV 826",Johann Sebastian Bach,2014
563,563,0 days 00:07:21.930990,21.466666666666665,Prelude & Fugue,Johann Sebastian Bach,2006
564,564,0 days 00:03:51.026042,7.133333333333334,Prelude & Fugue,Johann Sebastian Bach,2006
565,565,0 days 00:02:09,7.266666666666667,"Prelude & Fugue in B flat minor, Book I, BWV 867",Johann Sebastian Bach,2013
566,566,0 days 00:04:25.008333,15.2,"Prelude & Fugue in G Minor, WTK II",Johann Sebastian Bach,2004
567,567,0 days 00:02:32.014583,11.8,"Prelude and Fugue in A Major, WTC I, BWV 864",Johann Sebastian Bach,2015
568,568,0 days 00:02:35.055208,14.333333333333334,"Prelude and Fugue in A Major, WTC II, BWV 888",Johann Sebastian Bach,2015
569,569,0 days 00:03:05.980469,12.4,"Prelude and Fugue in A Minor, WTC I, BWV 865",Johann Sebastian Bach,2011
570,570,0 days 00:03:21.962240,12.6,"Prelude and Fugue in A Minor, WTC I, BWV 865",Johann Sebastian Bach,2011
571,571,0 days 00:03:28.029167,12.333333333333334,"Prelude and Fugue in A Minor, WTC I, BWV 865",Johann Sebastian Bach,2017
572,572,0 days 00:03:26.557292,11.8,"Prelude and Fugue in A Minor, WTC II,  BWV 889",Johann Sebastian Bach,2011
573,573,0 days 00:03:06.014323,12.066666666666666,"Prelude and Fugue in A Minor, WTC II, BWV 847",Johann Sebastian Bach,2013
574,574,0 days 00:03:28.048958,11.066666666666666,"Prelude and Fugue in A Minor, WTC II, BWV 889",Johann Sebastian Bach,2015
575,575,0 days 00:03:34.962240,11.6,"Prelude and Fugue in A Minor, WTC II, BWV 889",Johann Sebastian Bach,2011
576,576,0 days 00:03:26.875000,10.466666666666667,"Prelude and Fugue in A Minor, WTC II, BWV 889",Johann Sebastian Bach,2017
577,577,0 days 00:03:12.020833,13.066666666666666,"Prelude and Fugue in A Minor, WTC II, BWV 889",Johann Sebastian Bach,2017
578,578,0 days 00:03:01.877083,11.933333333333334,"Prelude and Fugue in A Minor, WTC II, BWV 889",Johann Sebastian Bach,2017
579,579,0 days 00:00:51.962240,12.333333333333334,"Prelude and Fugue in B Major, WTC II, BWV 892",Johann Sebastian Bach,2011
580,580,0 days 00:01:01.959375,11.266666666666667,"Prelude and Fugue in B Major, WTC II, BWV 892",Johann Sebastian Bach,2017
581,581,0 days 00:02:36.049479,12.8,"Prelude and Fugue in B Minor, WTC II",Johann Sebastian Bach,2008
582,582,0 days 00:02:38.087240,13.8,"Prelude and Fugue in B Minor, WTC II",Johann Sebastian Bach,2008
583,583,0 days 00:02:47.046875,13.0,"Prelude and Fugue in B Minor, WTC II, BWV 893",Johann Sebastian Bach,2013
584,584,0 days 00:04:15,7.133333333333334,"Prelude and Fugue in B-flat Minor, WTC I, BWV 867",Johann Sebastian Bach,2015
585,585,0 days 00:02:05.035156,7.133333333333334,"Prelude and Fugue in B-flat Minor, WTC I, BWV 867",Johann Sebastian Bach,2013
586,586,0 days 00:02:29.976562,6.533333333333333,"Prelude and Fugue in B-flat Minor, WTC I, BWV 867",Johann Sebastian Bach,2013
587,587,0 days 00:02:22.954427,6.8,"Prelude and Fugue in B-flat Minor, WTC I, BWV 867",Johann Sebastian Bach,2011
588,588,0 days 00:02:43.982292,13.666666666666666,"Prelude and Fugue in C Major, WTC  II, BWV 870",Johann Sebastian Bach,2015
589,589,0 days 00:03:47.957031,15.066666666666666,"Prelude and Fugue in C Major, WTC II, BWV 846",Johann Sebastian Bach,2014
590,590,0 days 00:03:16.989583,12.866666666666667,"Prelude and Fugue in C Major, WTC II, BWV 870",Johann Sebastian Bach,2015
591,591,0 days 00:00:17.980469,10.6,"Prelude and Fugue in C Minor, WTC II, BWV 871",Johann Sebastian Bach,2011
592,592,0 days 00:02:41.976562,13.133333333333333,"Prelude and Fugue in C sharp major, WTC I, BWV 848",Johann Sebastian Bach,2011
593,593,0 days 00:00:08.018229,13.133333333333333,"Prelude and Fugue in C-Sharp Major, WTC I, BWV 848",Johann Sebastian Bach,2011
594,594,0 days 00:02:42.040365,13.066666666666666,"Prelude and Fugue in C-Sharp Major, WTC I, BWV 848",Johann Sebastian Bach,2011
595,595,0 days 00:02:49.028646,13.133333333333333,"Prelude and Fugue in C-sharp Major, BWV 848",Johann Sebastian Bach,2013
596,596,0 days 00:02:24.028646,14.666666666666666,"Prelude and Fugue in C-sharp Major, WTC I",Johann Sebastian Bach,2008
597,597,0 days 00:02:38.020833,13.4,"Prelude and Fugue in C-sharp Major, WTC I",Johann Sebastian Bach,2008
598,598,0 days 00:00:08.006250,12.266666666666667,"Prelude and Fugue in C-sharp Major, WTC I, BWV 848",Johann Sebastian Bach,2015
599,599,0 days 00:00:22.994792,12.8,"Prelude and Fugue in C-sharp Major, WTC I, BWV 848",Johann Sebastian Bach,2013
600,600,0 days 00:00:15.959375,13.8,"Prelude and Fugue in C-sharp Major, WTC I, BWV 848",Johann Sebastian Bach,2017
601,601,0 days 00:01:28.936198,13.733333333333333,"Prelude and Fugue in D Major, Book II",Johann Sebastian Bach,2018
602,602,0 days 00:00:57.034375,12.4,"Prelude and Fugue in D Major, WTC II, BWV 874",Johann Sebastian Bach,2015
603,603,0 days 00:01:11,12.933333333333334,"Prelude and Fugue in D Major, WTC II, BWV 874",Johann Sebastian Bach,2013
604,604,0 days 00:01:09.968750,13.2,"Prelude and Fugue in D Major, WTC II, BWV 874",Johann Sebastian Bach,2011
605,605,0 days 00:01:46.009115,6.333333333333333,"Prelude and Fugue in D Major, WTC II, BWV 874",Johann Sebastian Bach,2011
606,606,0 days 00:00:09.032552,10.2,"Prelude and Fugue in D Minor, WTC I, BWV 851",Johann Sebastian Bach,2011
607,607,0 days 00:02:41.006510,13.266666666666667,"Prelude and Fugue in D-flat Major, WTC I, BWV 848",Johann Sebastian Bach,2011
608,608,0 days 00:03:04.965625,11.933333333333334,"Prelude and Fugue in D-flat Major, WTC I, BWV 848",Johann Sebastian Bach,2017
609,609,0 days 00:01:51.006510,13.533333333333333,"Prelude and Fugue in E Major, WTC I, BWV 854",Johann Sebastian Bach,2013
610,610,0 days 00:01:57.997396,13.466666666666667,"Prelude and Fugue in E Major, WTC I, BWV 854",Johann Sebastian Bach,2013
611,611,0 days 00:01:44,13.6,"Prelude and Fugue in E Major, WTC I, BWV 854",Johann Sebastian Bach,2011
612,612,0 days 00:02:11.977083,13.066666666666666,"Prelude and Fugue in E Major, WTC I, BWV 854",Johann Sebastian Bach,2017
613,613,0 days 00:01:35.991667,12.333333333333334,"Prelude and Fugue in E Major, WTC I, BWV 854",Johann Sebastian Bach,2017
614,614,0 days 00:02:12.996875,12.533333333333333,"Prelude and Fugue in E Major, WTC I, BWV 854  ",Johann Sebastian Bach,2015
615,615,0 days 00:05:04.006510,11.533333333333333,"Prelude and Fugue in E-flat Major, WTC I",Johann Sebastian Bach,2008
616,616,0 days 00:03:28.028646,10.533333333333333,"Prelude and Fugue in E-flat Major, WTC II, BWV 876",Johann Sebastian Bach,2011
617,617,0 days 00:00:19.985417,9.466666666666667,"Prelude and Fugue in E-flat Major, WTC II, BWV 876",Johann Sebastian Bach,2017
618,618,0 days 00:06:25.026042,6.0,"Prelude and Fugue in E-flat Minor WTC I, BWV 853",Johann Sebastian Bach,2017
619,619,0 days 00:02:41.985417,6.866666666666666,"Prelude and Fugue in E-flat Minor, WTC I, BWV 853",Johann Sebastian Bach,2015
620,620,0 days 00:04:17.014583,6.266666666666667,"Prelude and Fugue in E-flat Minor, WTC I, BWV 853",Johann Sebastian Bach,2017
621,621,0 days 00:01:00,5.8,"Prelude and Fugue in E-flat Minor, WTC I, BWV 853",Johann Sebastian Bach,2017
622,622,0 days 00:00:51.004167,6.533333333333333,"Prelude and Fugue in E-flat Minor, WTC I, BWV 853",Johann Sebastian Bach,2017
623,623,0 days 00:00:32.020833,17.733333333333334,"Prelude and Fugue in F Major, WTC I, BWV 856",Johann Sebastian Bach,2015
624,624,0 days 00:04:20.087240,12.266666666666667,"Prelude and Fugue in F Major, WTC II",Johann Sebastian Bach,2008
625,625,0 days 00:04:50.959375,12.466666666666667,"Prelude and Fugue in F Major, WTC II, BWV 880",Johann Sebastian Bach,2017
626,626,0 days 00:04:39.066406,8.533333333333333,"Prelude and Fugue in F Minor, WTC I",Johann Sebastian Bach,2008
627,627,0 days 00:04:18.994792,9.066666666666666,"Prelude and Fugue in F Minor, WTC I, BWV 857",Johann Sebastian Bach,2015
628,628,0 days 00:04:58.072917,8.733333333333333,"Prelude and Fugue in F Minor, WTC I, BWV 857",Johann Sebastian Bach,2015
629,629,0 days 00:00:16.040365,6.8,"Prelude and Fugue in F Minor, WTC I, BWV 857",Johann Sebastian Bach,2011
630,630,0 days 00:02:20.627604,9.466666666666667,"Prelude and Fugue in F Minor, WTC I, BWV 857",Johann Sebastian Bach,2011
631,631,0 days 00:04:35.979167,8.6,"Prelude and Fugue in F Minor, WTC I, BWV 857",Johann Sebastian Bach,2017
632,632,0 days 00:04:50.996875,8.933333333333334,"Prelude and Fugue in F Minor, WTC I, BWV 857",Johann Sebastian Bach,2017
633,633,0 days 00:00:38.087240,15.2,"Prelude and Fugue in G Major, WTC I",Johann Sebastian Bach,2008
634,634,0 days 00:00:38,15.4,"Prelude and Fugue in G Major, WTC I",Johann Sebastian Bach,2008
635,635,0 days 00:00:39.082031,15.333333333333334,"Prelude and Fugue in G Major, WTC I",Johann Sebastian Bach,2008
636,636,0 days 00:00:38.018229,15.333333333333334,"Prelude and Fugue in G Major, WTC I",Johann Sebastian Bach,2008
637,637,0 days 00:00:34.991667,16.133333333333333,"Prelude and Fugue in G Major, WTC I, BWV 860",Johann Sebastian Bach,2015
638,638,0 days 00:00:39.058594,15.066666666666666,"Prelude and Fugue in G Major, WTC I, BWV 860",Johann Sebastian Bach,2013
639,639,0 days 00:00:37.944792,15.533333333333333,"Prelude and Fugue in G Major, WTC I, BWV 860",Johann Sebastian Bach,2017
640,640,0 days 00:01:58.979167,15.266666666666667,"Prelude and Fugue in G Major, WTC II, BWV 884",Johann Sebastian Bach,2017
641,641,0 days 00:04:53.049479,12.2,"Prelude and Fugue in G Minor, WTC II",Johann Sebastian Bach,2008
642,642,0 days 00:04:18.988281,14.4,"Prelude and Fugue in G Minor, WTC II,  BWV 885",Johann Sebastian Bach,2011
643,643,0 days 00:04:44.061458,14.466666666666667,"Prelude and Fugue in G Minor, WTC II, BWV 885",Johann Sebastian Bach,2015
644,644,0 days 00:00:20.020833,3.3333333333333335,"Prelude and Fugue in G Minor, WTC II, BWV 885",Johann Sebastian Bach,2011
645,645,0 days 00:00:43.058333,13.733333333333333,"Prelude and Fugue in G-sharp Minor, WTC II, BWV 887",Johann Sebastian Bach,2015
646,646,0 days 00:02:19.018229,15.4,Prelude from English Suite No. 3 in G Major,Johann Sebastian Bach,2013
647,647,0 days 00:04:54.026042,13.866666666666667,"Prelude from English Suite No. 6 in D Minor, BWV 811",Johann Sebastian Bach,2013
648,648,0 days 00:01:18.901042,14.8,"Prelude from the English Suite No. 1 in A Major, BWV 806",Johann Sebastian Bach,2011
649,649,0 days 00:02:16.992188,14.933333333333334,"Prelude from the English Suite No. 2 in A Minor, BWV 807",Johann Sebastian Bach,2011
650,650,0 days 00:05:20.014323,14.0,Prelude from the English Suite No. 6,Johann Sebastian Bach,2013
651,651,0 days 00:04:48.988281,14.466666666666667,"Prelude from the English Suite No. 6 in D Minor, BWV 811",Johann Sebastian Bach,2011
652,652,0 days 00:02:22.786458,8.2,"Toccata from Partita No. 6 in E Minor, Missing Opening!!!!",Johann Sebastian Bach,2014
653,653,0 days 00:07:11.028646,12.733333333333333,"Toccata in C Minor, BWV 911",Johann Sebastian Bach,2018
654,654,0 days 00:06:58.997396,13.133333333333333,"Toccata in C Minor, BWV 911",Johann Sebastian Bach,2014
655,655,0 days 00:06:42.026042,16.333333333333332,"Toccata in E Minor, BWV 914",Johann Sebastian Bach,2008
656,656,0 days 00:05:50.072917,18.0,"Toccata in E Minor, BWV 914",Johann Sebastian Bach,2015
657,657,0 days 00:00:09.964844,11.6,"""Sheep May Safely Graze""",Johann Sebastian Bach / Egon Petri,2013
658,658,0 days 00:01:26.034375,11.0,"Sheep May Safely Graze, from Bach's Birthday Cantata",Johann Sebastian Bach / Egon Petri,2004
659,659,0 days 00:01:47.982292,6.6,"""Wachet  auf, ruft uns die Stimme' BWV 645",Johann Sebastian Bach / Ferruccio Busoni,2004
660,660,0 days 00:13:04.930990,26.333333333333332,Chaconne BWV1004,Johann Sebastian Bach / Ferruccio Busoni,2006
661,661,0 days 00:08:29,24.466666666666665,Chaconne in D Minor,Johann Sebastian Bach / Ferruccio Busoni,2014
662,662,0 days 00:09:11,23.866666666666667,"Chaconne in D Minor, BWV 1004",Johann Sebastian Bach / Ferruccio Busoni,2004
663,663,0 days 00:05:18.950521,24.266666666666666,Toccata in DMin.,Johann Sebastian Bach / Ferruccio Busoni,2006
664,664,0 days 00:02:16.032552,11.933333333333334,"Prelude and Fugue in A Minor, S.462/1",Johann Sebastian Bach / Franz Liszt,2011
665,665,0 days 00:04:46.506510,15.066666666666666,"Prelude and Fugue in A Minor, S.462/1",Johann Sebastian Bach / Franz Liszt,2011
666,666,0 days 00:11:20.942708,29.4,Var. on BACH,Johann Sebastian Bach / Franz Liszt,2006
667,667,0 days 00:01:42,8.6,"Jesu, Joy of Man’s Desiring, BWV 147",Johann Sebastian Bach / Myra Hess,2014
668,668,0 days 00:02:22.896875,23.933333333333334,"Soiree de Vienne, Op. 56 (Concert Paraphrase on the overture from Die Fledermaus)",Johann Strauss / Alfred Grünfeld,2015
669,669,0 days 00:15:55.003125,16.733333333333334,Fantasias Op. 116 (Selections),Johannes Brahms,2017
670,670,0 days 00:02:14.957031,15.333333333333334,Fantasien Op.116,Johannes Brahms,2006
671,671,0 days 00:01:45.020833,19.266666666666666,"Fantasies, Op. 116 No. 7 (Complete)",Johannes Brahms,2014
672,672,0 days 00:02:56.968750,15.933333333333334,Intermezzo Op. 118 No. 6 in E-flat Minor,Johannes Brahms,2008
673,673,0 days 00:06:32.988542,24.466666666666665,"Paganini Variations, Op. 35 Book 2",Johannes Brahms,2017
674,674,0 days 00:10:53.968750,26.866666666666667,"Paganini Variations, Op. 35 Book II",Johannes Brahms,2008
675,675,0 days 00:00:37.028646,30.2,"Paganini Variations, Op. 35 Books I and II",Johannes Brahms,2009
676,676,0 days 00:08:03.992188,20.133333333333333,"Six Pieces for Piano, Op. 118",Johannes Brahms,2013
677,677,0 days 00:15:45.006510,18.666666666666668,"Sonata No. 3 in F Minor, Op. 5",Johannes Brahms,2009
678,678,0 days 00:20:27.886719,18.733333333333334,Sonata Op. 5,Johannes Brahms,2006
679,679,0 days 00:05:15.602083,15.333333333333334,"Sonata in F Minor, Op. 5",Johannes Brahms,2004
680,680,0 days 00:16:20.026042,17.733333333333334,"Sonata in F Minor, Op. 5",Johannes Brahms,2004
681,681,0 days 00:09:56.680208,17.533333333333335,"Sonata in F Minor, Op. 5",Johannes Brahms,2004
682,682,0 days 00:23:14.035156,22.266666666666666,"Variations and Fugue on the Theme of Händel, Op. 24",Johannes Brahms,2014
683,683,0 days 00:03:28.957031,22.066666666666666,"Variations and Fugue on the theme of Handel, Op. 24",Johannes Brahms,2018
684,684,0 days 00:06:46.011458,23.866666666666667,"Variations on a Theme by Paganini, Op. 35 Book II",Johannes Brahms,2015
685,685,0 days 00:04:03.930208,24.866666666666667,"Variations on a Theme by Paganini, Op. 35 Book II",Johannes Brahms,2015
686,686,0 days 00:07:07.061198,24.333333333333332,"Variations on a Theme by Paganini, Op. 35, Book II",Johannes Brahms,2013
687,687,0 days 00:00:39.040625,26.933333333333334,"Variations on a Theme by Paganini, Op. 35, Volumes 1 & 2",Johannes Brahms,2004
688,688,0 days 00:00:37.063542,29.533333333333335,Variations on a theme by Paganini (Books I & II),Johannes Brahms,2004
689,689,0 days 00:12:14.028646,20.8,"Piano Sonata in C major, Hob. XVI:50 (Complete)",Joseph Haydn,2014
690,690,0 days 00:06:51.942708,21.466666666666665,Son. Hob. XVI:32,Joseph Haydn,2006
691,691,0 days 00:13:31.942708,15.533333333333333,Son. Hob. XVI:52,Joseph Haydn,2006
692,692,0 days 00:14:28.930990,15.933333333333334,Son. Hob. XVI:52,Joseph Haydn,2006
693,693,0 days 00:02:25.917708,11.6,"Sonata in A-Flat Major, Hob. XVI:46, I. Allegro moderato",Joseph Haydn,2017
694,694,0 days 00:02:30.965625,11.066666666666666,"Sonata in A-flat Major, Hob. XVI: 46, I. Allegro moderato",Joseph Haydn,2015
695,695,0 days 00:01:55.006510,13.533333333333333,"Sonata in A-flat Major, No. 31 Hob. XVI:46, 1st mov.",Joseph Haydn,2013
696,696,0 days 00:02:04.026042,13.6,"Sonata in B-flat Major, Hob.XVI:41",Joseph Haydn,2011
697,697,0 days 00:13:49,20.133333333333333,"Sonata in C Major, Hob. XVI/50",Joseph Haydn,2009
698,698,0 days 00:05:10.040625,17.533333333333335,"Sonata in C Major, Hob. XVI: 50, I. Allegro",Joseph Haydn,2015
699,699,0 days 00:04:58.982292,17.933333333333334,"Sonata in C Major, Hob. XVI: 50, I. Allegro",Joseph Haydn,2015
700,700,0 days 00:08:18.011719,15.6,"Sonata in C Major, Hob. XVI:48 (Complete)",Joseph Haydn,2014
701,701,0 days 00:11:25.992188,17.0,"Sonata in C Major, Hob. XVI:48 (Complete)",Joseph Haydn,2014
702,702,0 days 00:04:47.089583,18.0,"Sonata in C Major, Hob. XVI:50",Joseph Haydn,2004
703,703,0 days 00:01:49.993750,8.133333333333333,"Sonata in C Major, Hob. XVI:50",Joseph Haydn,2004
704,704,0 days 00:01:17.032292,20.133333333333333,"Sonata in C Major, Hob. XVI:50",Joseph Haydn,2004
705,705,0 days 00:04:35.529948,19.333333333333332,"Sonata in C Major, Hob. XVI:50, 1st mov.",Joseph Haydn,2013
706,706,0 days 00:05:04.444010,18.066666666666666,"Sonata in C Major, Hob. XVI:50, 1st mov.",Joseph Haydn,2013
707,707,0 days 00:05:09.018229,17.8,"Sonata in C Major, Hob. XVI:50, First Movement",Joseph Haydn,2008
708,708,0 days 00:12:27.009115,19.066666666666666,"Sonata in C major, Hob. XVI: 50",Joseph Haydn,2018
709,709,0 days 00:01:49.066406,11.333333333333334,"Sonata in E Major, Hob. XVI:31, First Movement",Joseph Haydn,2008
710,710,0 days 00:03:03.970833,15.4,"Sonata in E-flat Major, Hob. XVI: 52, I. Allegro",Joseph Haydn,2015
711,711,0 days 00:03:00.032552,15.4,"Sonata in E-flat Major, Hob. XVI:52, 1st mov.",Joseph Haydn,2013
712,712,0 days 00:03:00.063802,15.666666666666666,"Sonata in E-flat Major, Hob. XVI:52, First Movement",Joseph Haydn,2008
713,713,0 days 00:02:56.964844,15.933333333333334,"Sonata in E-flat Major, Hob. XVI:52, First Movement",Joseph Haydn,2011
714,714,0 days 00:02:59.957031,16.066666666666666,"Sonata in E-flat Major, Hob. XVI:52, First Movement",Joseph Haydn,2011
715,715,0 days 00:03:02.977083,15.6,"Sonata in E-flat major, Hob. XVI:52, I. Allegro",Joseph Haydn,2017
716,716,0 days 00:04:13.994792,14.533333333333333,"Sonata in F Major, Hob. XVI:23",Joseph Haydn,2018
717,717,0 days 00:02:58.723958,14.866666666666667,"Sonata in in F Major, Hob. XVI: 23, I. Allegro moderato",Joseph Haydn,2015
718,718,0 days 00:01:56.994792,16.0,In the Mists,Leoš Janáček,2018
719,719,0 days 00:01:54.979167,15.466666666666667,"In the Mists, I. Andante  ",Leoš Janáček,2015
720,720,0 days 00:04:54.994792,16.266666666666666,"Piano Sonata 1. X. 1905 ""From the Street""",Leoš Janáček,2018
721,721,0 days 00:11:49.044271,22.333333333333332,"Sonata 1.x.1905 ""On the Streets""",Leoš Janáček,2009
722,722,0 days 00:08:34.938802,14.0,Bagatelles Op126,Ludwig van Beethoven,2006
723,723,0 days 00:08:15.018229,12.2,"Bagatelles, Op. 126 (Complete)",Ludwig van Beethoven,2014
724,724,0 days 00:08:03.968750,13.933333333333334,"Bagtellen, Op.126",Ludwig van Beethoven,2009
725,725,0 days 00:04:30.964844,25.066666666666666,"Fantasia, Op. 77",Ludwig van Beethoven,2014
726,726,0 days 00:03:34.020833,18.866666666666667,"Sonata No. 17 in D Minor, Op. 31 No. 2, 1st Movement",Ludwig van Beethoven,2011
727,727,0 days 00:03:27.968750,18.733333333333334,"Sonata No. 17 in D Minor, Op. 31 No. 2, First Movement",Ludwig van Beethoven,2011
728,728,0 days 00:02:59.903646,20.2,"Sonata No. 17 in D Minor, Op. 31 No. 2, First Movement",Ludwig van Beethoven,2011
729,729,0 days 00:02:55,23.4,"Sonata No. 17 in D minor, Op. 31 No. 2, 1st mov.",Ludwig van Beethoven,2013
730,730,0 days 00:03:08.008333,21.666666666666668,"Sonata No. 17, Op. 31 No. 2 in D Minor ""Tempest"", I. Largo-Allegro",Ludwig van Beethoven,2017
731,731,0 days 00:03:13.641667,20.6,"Sonata No. 17, Op. 31 No. 2 in D Minor ""Tempest"", I. Largo-Allegro",Ludwig van Beethoven,2017
732,732,0 days 00:03:02.642708,20.2,"Sonata No. 17, Op. 31 No. 2 in D Minor ""Tempest"", I. Largo-Allegro",Ludwig van Beethoven,2017
733,733,0 days 00:03:17.956250,20.4,"Sonata No. 17, Op. 31 No. 2 in D Minor ""Tempest"", I. Largo-Allegro",Ludwig van Beethoven,2017
734,734,0 days 00:22:06.002604,23.6,"Sonata No. 21 in  C Major, Op. 53",Ludwig van Beethoven,2009
735,735,0 days 00:01:39.957031,22.333333333333332,"Sonata No. 21 in C Major, Op. 53",Ludwig van Beethoven,2018
736,736,0 days 00:01:47.985677,21.333333333333332,"Sonata No. 21 in C Major, Op. 53, ""Waldstein"", First Movement",Ludwig van Beethoven,2011
737,737,0 days 00:06:15.023438,21.866666666666667,"Sonata No. 21 in C Major, Op. 53, ""Waldstein"", First Movement",Ludwig van Beethoven,2011
738,738,0 days 00:05:52.992188,22.933333333333334,"Sonata No. 21 in C Major, Op. 53, ""Waldstein"", First Movement",Ludwig van Beethoven,2011
739,739,0 days 00:06:21.838542,20.6,"Sonata No. 21 in C Major, Op. 53, 1st mov.",Ludwig van Beethoven,2013
740,740,0 days 00:06:32.864583,23.533333333333335,"Sonata No. 21 in C Major, Op. 53, First Movement",Ludwig van Beethoven,2008
741,741,0 days 00:01:34.855208,22.666666666666668,"Sonata No. 21 in C Major, Op. 53, I. Allegro con brio",Ludwig van Beethoven,2015
742,742,0 days 00:01:40.986458,22.666666666666668,"Sonata No. 21 in C Major, Op. 53, I. Allegro con brio",Ludwig van Beethoven,2015
743,743,0 days 00:01:39.992188,21.2,"Sonata No. 21 in C major, Op. 53, 1st mov.",Ludwig van Beethoven,2013
744,744,0 days 00:05:42.808594,22.666666666666668,"Sonata No. 21 in C major, Op. 53, “Waldstein,” I. Allegro con brio",Ludwig van Beethoven,2014
745,745,0 days 00:05:40.797917,22.933333333333334,"Sonata No. 21, Op. 53, ""Waldstein"", I. Allegro con brio",Ludwig van Beethoven,2017
746,746,0 days 00:01:38.801042,22.2,"Sonata No. 21, Op. 53, ""Waldstein"", I. Allegro con brio",Ludwig van Beethoven,2017
747,747,0 days 00:05:47.003125,22.533333333333335,"Sonata No. 21, Op. 53, ""Waldstein"", I. Allegro con brio",Ludwig van Beethoven,2017
748,748,0 days 00:05:58.838542,23.133333333333333,"Sonata No. 21, Op. 53, ""Waldstein"", I. Allegro con brio",Ludwig van Beethoven,2017
749,749,0 days 00:01:35.791667,22.6,"Sonata No. 21, Op. 53, ""Waldstein"", I. Allegro con brio",Ludwig van Beethoven,2017
750,750,0 days 00:05:47,23.266666666666666,"Sonata No. 21, Op. 53, ""Waldstein"", I. Allegro con brio",Ludwig van Beethoven,2017
751,751,0 days 00:09:26.035156,27.066666666666666,"Sonata No. 23 in F Minor, Op. 57 ""Appassionata"", First Movement",Ludwig van Beethoven,2008
752,752,0 days 00:20:07.967708,28.933333333333334,"Sonata No. 23 in F Minor, Op. 57 (Complete)",Ludwig van Beethoven,2015
753,753,0 days 00:08:23.980469,25.933333333333334,"Sonata No. 23 in F Minor, Op. 57, First Movement",Ludwig van Beethoven,2011
754,754,0 days 00:09:11.983073,27.866666666666667,"Sonata No. 23 in F Minor, Op. 57, First Movement",Ludwig van Beethoven,2011
755,755,0 days 00:09:02.002604,25.0,"Sonata No. 23 in F Minor, Op. 57, First Movement",Ludwig van Beethoven,2011
756,756,0 days 00:09:03.028646,27.933333333333334,"Sonata No. 23 in F Minor, Op. 57, First movement",Ludwig van Beethoven,2011
757,757,0 days 00:08:18.029167,27.4,"Sonata No. 23, Op. 57 in F Minor, ""Appassionata"", I. Allegro assai",Ludwig van Beethoven,2017
758,758,0 days 00:05:18.020833,15.733333333333333,"Sonata No. 24 in F-Sharp Major, Op. 78",Ludwig van Beethoven,2008
759,759,0 days 00:03:02.011719,15.333333333333334,"Sonata No. 24 in F-sharp Major, Op. 78",Ludwig van Beethoven,2011
760,760,0 days 00:00:57.976562,15.2,"Sonata No. 24 in F-sharp Major, Op. 78, First Movement",Ludwig van Beethoven,2008
761,761,0 days 00:02:57,17.4,"Sonata No. 26 in 3-flat Major, Op. 81a (2nd & 3rd Movements)",Ludwig van Beethoven,2004
762,762,0 days 00:05:51,27.333333333333332,"Sonata No. 26 in 3-flat Major, Op. 81a (2nd & 3rd Movements)",Ludwig van Beethoven,2004
763,763,0 days 00:01:47.037760,17.133333333333333,"Sonata No. 26 in E-Flat Major, Op. 81a, ""Les Adiex"", First Movement",Ludwig van Beethoven,2011
764,764,0 days 00:01:29.026042,16.533333333333335,"Sonata No. 26 in E-Flat Major, Op. 81a, ""Les Adiex"", First Movement",Ludwig van Beethoven,2011
765,765,0 days 00:04:09.959375,17.4,"Sonata No. 26 in E-flat Major, Op. 81a, I. Das Lebewohl. Adagio - Allegro",Ludwig van Beethoven,2015
766,766,0 days 00:14:08.979167,17.866666666666667,"Sonata No. 28 in A Major, Op. 101 (Complete)",Ludwig van Beethoven,2014
767,767,0 days 00:14:19.988281,16.666666666666668,"Sonata No. 28 in A Major, Op. 101 (Complete)",Ludwig van Beethoven,2014
768,768,0 days 00:15:11.037760,17.133333333333333,"Sonata No. 28 in A Major, Op. 101 (Complete)",Ludwig van Beethoven,2014
769,769,0 days 00:17:03.985677,20.0,"Sonata No. 30 in E Major, Op. 109",Ludwig van Beethoven,2018
770,770,0 days 00:05:46.954427,17.133333333333333,"Sonata No. 31 In A-flat Major, Op. 110",Ludwig van Beethoven,2018
771,771,0 days 00:06:49,16.2,"Sonata No. 31 in A-Flat Major, Op. 110 (Complete)",Ludwig van Beethoven,2014
772,772,0 days 00:06:09.994792,15.866666666666667,"Sonata No. 31 in A-flat Major, Op. 110",Ludwig van Beethoven,2018
773,773,0 days 00:06:08.985677,16.933333333333334,"Sonata No. 31 in A-flat Major, Op. 110 (Complete)",Ludwig van Beethoven,2014
774,774,0 days 00:04:04.009115,11.733333333333333,"Sonata No. 31 in A-flat Major, Op. 110, First movement",Ludwig van Beethoven,2011
775,775,0 days 00:21:35.992188,20.666666666666668,"Sonata No. 32 in C Minor, Op. 111",Ludwig van Beethoven,2009
776,776,0 days 00:21:06.997396,28.333333333333332,"Sonata No. 32 in C Minor, Op. 111 (Complete)",Ludwig van Beethoven,2014
777,777,0 days 00:21:16.945312,20.6,"Sonata No. 32 in C minor, Op. 111",Ludwig van Beethoven,2018
778,778,0 days 00:01:04.007812,19.066666666666666,"Sonata No. 4 in E-flat Major, Op. 7, 1st mov.",Ludwig van Beethoven,2013
779,779,0 days 00:01:03.992188,18.866666666666667,"Sonata No. 4 in E-flat Major, Op. 7, 1st mov.",Ludwig van Beethoven,2013
780,780,0 days 00:01:01.976562,19.2,"Sonata No. 4 in E-flat Major, Op. 7, First Movement",Ludwig van Beethoven,2011
781,781,0 days 00:01:05.961458,19.066666666666666,"Sonata No. 4 in E-flat Major, Op. 7, I. Allegro molto e con brio",Ludwig van Beethoven,2015
782,782,0 days 00:01:01.988542,19.266666666666666,"Sonata No. 4 in E-flat Major, Op. 7, I. Allegro molto e con brio",Ludwig van Beethoven,2017
783,783,0 days 00:01:04.988542,18.533333333333335,"Sonata No. 4 in E-flat Major, Op. 7, I. Allegro molto e con brio",Ludwig van Beethoven,2017
784,784,0 days 00:04:51.997396,17.266666666666666,"Sonata No. 7 in D Major, Op. 10 No. 3",Ludwig van Beethoven,2018
785,785,0 days 00:04:35,17.866666666666667,"Sonata No. 7 in D Major, Op. 10 No. 3, 1st mov.",Ludwig van Beethoven,2013
786,786,0 days 00:06:30.026042,18.333333333333332,"Sonata No. 7 in D Major, Op. 10 No. 3, 1st mov.",Ludwig van Beethoven,2013
787,787,0 days 00:04:29.561198,18.2,"Sonata No. 7 in D Major, Op. 10 No. 3, First Movement",Ludwig van Beethoven,2011
788,788,0 days 00:04:56,17.4,"Sonata No. 7, Op. 10 No. 3 in D Major, I. Presto",Ludwig van Beethoven,2017
789,789,0 days 00:04:41.034375,17.866666666666667,"Sonata No. 7, Op. 10 No. 3 in D Major, I. Presto",Ludwig van Beethoven,2017
790,790,0 days 00:04:52.927083,17.333333333333332,Sonata Op. 10/3,Ludwig van Beethoven,2006
791,791,0 days 00:18:10.954427,17.466666666666665,Sonata Op. 101,Ludwig van Beethoven,2006
792,792,0 days 00:06:08.971354,14.466666666666667,Sonata Op. 110,Ludwig van Beethoven,2006
793,793,0 days 00:08:39,24.533333333333335,Sonata Op. 54 in F Major,Ludwig van Beethoven,2004
794,794,0 days 00:02:52.020833,15.333333333333334,Sonata Op. 78,Ludwig van Beethoven,2006
795,795,0 days 00:03:47.973958,17.466666666666665,"Sonata Op. 81 No. 26, 'Les Adieux'",Ludwig van Beethoven,2004
796,796,0 days 00:07:35.991667,25.666666666666668,"Sonata Op. 81 No. 26, 'Les Adieux'",Ludwig van Beethoven,2004
797,797,0 days 00:03:01.020833,13.0,"Sonata in A-flat, Op. 110",Ludwig van Beethoven,2004
798,798,0 days 00:11:49.637500,13.866666666666667,"Sonata in A-flat, Op. 110",Ludwig van Beethoven,2004
799,799,0 days 00:06:57.983073,16.133333333333333,"Sonata in A-flat, Op. 110",Ludwig van Beethoven,2009
800,800,0 days 00:10:37,23.466666666666665,"Sonata in C Major, Op. 53 'Waldstein'",Ludwig van Beethoven,2004
801,801,0 days 00:05:37.626302,18.866666666666667,"Sonata in D Minor, Op. 31 No. 2 ""Tempest""",Ludwig van Beethoven,2018
802,802,0 days 00:05:11.061458,20.6,"Sonata in D minor, Op. 31, No. 2",Ludwig van Beethoven,2004
803,803,0 days 00:08:16.043750,18.8,"Sonata in D minor, Op. 31, No. 2",Ludwig van Beethoven,2004
804,804,0 days 00:16:57.959635,21.2,"Sonata in E Major, Op. 109",Ludwig van Beethoven,2018
805,805,0 days 00:13:43.964844,25.733333333333334,"Sonata in E-flat Major, Op. 81a",Ludwig van Beethoven,2009
806,806,0 days 00:09:13.980469,22.266666666666666,"Thirty-Two Variaions in C Minor, WoO80",Ludwig van Beethoven,2011
807,807,0 days 00:08:17,26.666666666666668,"Thirty-Two Variaions in C Minor, WoO80",Ludwig van Beethoven,2011
808,808,0 days 00:02:05.011719,25.133333333333333,"Thirty-Two Variaions in C Minor, WoO80",Ludwig van Beethoven,2011
809,809,0 days 00:09:01.341146,25.133333333333333,"Thirty-Two Variaions in C Minor, WoO80",Ludwig van Beethoven,2011
810,810,0 days 00:02:07.030208,24.2,"Thirty-Two Variations  in C Minor, WoO 80",Ludwig van Beethoven,2015
811,811,0 days 00:07:44.070312,28.4,"Thirty-Two Variations in C Minor, WoO 80",Ludwig van Beethoven,2008
812,812,0 days 00:09:16.063802,26.066666666666666,"Thirty-Two Variations in C Minor, WoO 80",Ludwig van Beethoven,2008
813,813,0 days 00:09:09.044271,24.533333333333335,"Thirty-Two Variations in C Minor, WoO 80",Ludwig van Beethoven,2008
814,814,0 days 00:09:19.046875,25.0,"Thirty-Two Variations in C Minor, WoO 80",Ludwig van Beethoven,2008
815,815,0 days 00:01:59.942708,23.866666666666667,"Thirty-Two Variations in C Minor, WoO 80",Ludwig van Beethoven,2008
816,816,0 days 00:08:12,27.6,"Thirty-Two Variations in C Minor, WoO 80",Ludwig van Beethoven,2015
817,817,0 days 00:09:44.989583,23.0,"Thirty-Two Variations in C Minor, WoO 80",Ludwig van Beethoven,2015
818,818,0 days 00:09:41.048958,24.2,"Thirty-Two Variations in C Minor, WoO 80",Ludwig van Beethoven,2015
819,819,0 days 00:10:13.992188,19.466666666666665,"Thirty-Two Variations in C Minor, WoO 80",Ludwig van Beethoven,2013
820,820,0 days 00:08:43.044271,28.933333333333334,"Thirty-Two Variations in C Minor, WoO 80",Ludwig van Beethoven,2013
821,821,0 days 00:02:09.052083,20.533333333333335,"Thirty-Two Variations in C Minor, WoO 80",Ludwig van Beethoven,2013
822,822,0 days 00:08:40.017708,24.466666666666665,"Thirty-Two Variations in C Minor, WoO 80",Ludwig van Beethoven,2017
823,823,0 days 00:09:40.011458,22.2,"Thirty-Two Variations in C Minor, WoO 80",Ludwig van Beethoven,2017
824,824,0 days 00:08:46.982292,24.933333333333334,"Thirty-Two Variations in C Minor, WoO 80",Ludwig van Beethoven,2017
825,825,0 days 00:08:37.970833,27.0,"Thirty-Two Variations in C Minor, WoO 80",Ludwig van Beethoven,2017
826,826,0 days 00:02:09.995833,23.533333333333335,"Thirty-Two Variations in C Minor, WoO 80",Ludwig van Beethoven,2017
827,827,0 days 00:02:03.015625,22.666666666666668,"Thirty-Two Variations in C Minor, WoO 80",Ludwig van Beethoven,2017
828,828,0 days 00:08:33.973958,26.533333333333335,"Thirty-Two Variations in C Minor, WoO 80",Ludwig van Beethoven,2017
829,829,0 days 00:08:30,26.666666666666668,"Thirty-Two Variations in C minor, WoO 80",Ludwig van Beethoven,2013
830,830,0 days 00:09:29.063542,27.333333333333332,"Thirty-Two Variations in C minor, WoO 80    ",Ludwig van Beethoven,2015
831,831,0 days 00:09:54.017708,24.4,"Thirty-Two Variations in C minor, WoO 80    ",Ludwig van Beethoven,2015
832,832,0 days 00:04:02.912760,20.8,Lark,Mikhail Glinka / Mily Balakirev,2008
833,833,0 days 00:03:31.954427,18.466666666666665,Lark,Mikhail Glinka / Mily Balakirev,2008
834,834,0 days 00:01:37.973958,13.266666666666667,"In the Garden, Etude-Idyll",Mily Balakirev,2011
835,835,0 days 00:28:27.936198,26.133333333333333,Pictures at an E,Modest Mussorgsky,2006
836,836,0 days 00:20:10.964844,20.866666666666667,Pictures at an E,Modest Mussorgsky,2006
837,837,0 days 00:24:29.133333,22.733333333333334,Pictures at an Exhibition,Modest Mussorgsky,2004
838,838,0 days 00:26:51.078125,22.866666666666667,Pictures at an Exhibition,Modest Mussorgsky,2004
839,839,0 days 00:17:35.460938,22.2,Pictures at an Exhibition,Modest Mussorgsky,2018
840,840,0 days 00:24:00.430990,25.2,Pictures at an Exhibition,Modest Mussorgsky,2018
841,841,0 days 00:10:55.992188,17.533333333333335,"Sonata Bb, Op. 24, No. 2",Muzio Clementi,2009
842,842,0 days 00:10:39.962240,16.733333333333334,Sonata Op. 24/2,Muzio Clementi,2006
843,843,0 days 00:02:45.985677,13.133333333333333,"Sonata Op. 25 No. 5 in F-sharp Minor, First Movement",Muzio Clementi,2011
844,844,0 days 00:10:29.971354,17.133333333333333,"Sonata in B-flat Major, Op.24, No. 2",Muzio Clementi,2009
845,845,0 days 00:07:47.964844,16.066666666666666,Sonata in F# Min,Muzio Clementi,2006
846,846,0 days 00:00:55.635417,12.2,"Sonata in F-sharp minor, op. 25 no. 5, 1st mov.",Muzio Clementi,2013
847,847,0 days 00:02:02.992188,32.333333333333336,Etude No. 6 in A Minor,Niccolò Paganini / Franz Liszt,2008
848,848,0 days 00:03:25.959635,12.666666666666666,"Fairy Tale in D Minor, Op. 54",Nikolai Medtner,2009
849,849,0 days 00:01:51.972917,19.933333333333334,"Fairy Tales Op. 51 No. 1, 2 and No. 3",Nikolai Medtner,2017
850,850,0 days 00:07:05.967448,26.333333333333332,"Sonata Tragica, Op. 39, No. 5",Nikolai Medtner,2014
851,851,0 days 00:04:49.951823,20.466666666666665,"Three Fairy Tales ""Skazki"" from Op. 34",Nikolai Medtner,2018
852,852,0 days 00:01:59,27.266666666666666,Two Fairy Tales,Nikolai Medtner,2006
853,853,0 days 00:00:39.839844,23.066666666666666,The Flight of the Bunble-Bee,Nikolai Rimsky-Korsakov / Sergei Rachmaninoff,2008
854,854,0 days 00:03:31.562500,9.333333333333334,Pavan,Orlando Gibbons,2018
855,855,0 days 00:02:08.955729,17.0,Ramble on the Last Love - Duet,Percy Grainger,2018
856,856,0 days 00:06:01.942708,20.8,Dumka,Pyotr Ilyich Tchaikovsky,2006
857,857,0 days 00:05:40.890625,20.666666666666668,"Dumka, Op. 59",Pyotr Ilyich Tchaikovsky,2008
858,858,0 days 00:05:59.971354,20.0,"Dumka, Op.59",Pyotr Ilyich Tchaikovsky,2009
859,859,0 days 00:01:49,22.333333333333332,Meditation,Pyotr Ilyich Tchaikovsky,2006
860,860,0 days 00:05:54.921875,28.4,Russian Scherzo Op. 1,Pyotr Ilyich Tchaikovsky,2008
861,861,0 days 00:01:02.016927,14.2,"The Seasons, Op. 37a (Selections)",Pyotr Ilyich Tchaikovsky,2014
862,862,0 days 00:03:31.744792,24.2,"Andante Maestoso from ""Nutcracker Suite""",Pyotr Ilyich Tchaikovsky / Mikhail Pletnev,2008
863,863,0 days 00:09:37.702083,28.733333333333334,Concert Suite from the Ballet Nutcracker,Pyotr Ilyich Tchaikovsky / Mikhail Pletnev,2004
864,864,0 days 00:03:47.022917,22.6,Concert Suite from the Nutcracker,Pyotr Ilyich Tchaikovsky / Mikhail Pletnev,2004
865,865,0 days 00:01:53.753906,15.733333333333333,"Intermezzo from ""Nutcracker Suite""",Pyotr Ilyich Tchaikovsky / Mikhail Pletnev,2008
866,866,0 days 00:01:19.971354,20.6,"March from ""Nutcracker Suite",Pyotr Ilyich Tchaikovsky / Mikhail Pletnev,2008
867,867,0 days 00:09:41.964844,28.933333333333334,Nutcracker Suite,Pyotr Ilyich Tchaikovsky / Mikhail Pletnev,2006
868,868,0 days 00:02:59.945312,12.466666666666667,Lullaby,Pyotr Ilyich Tchaikovsky / Sergei Rachmaninoff,2006
869,869,0 days 00:04:17.040625,10.333333333333334,"Lullaby Op. 16, No. 1",Pyotr Ilyich Tchaikovsky / Sergei Rachmaninoff,2004
870,870,0 days 00:06:42.002083,20.066666666666666,ABEGG Op. 1,Robert Schumann,2015
871,871,0 days 00:03:18,18.466666666666665,ABEGG Variations Op. 1,Robert Schumann,2011
872,872,0 days 00:07:15.957031,18.6,"ABEGG Variations, Op. 1",Robert Schumann,2008
873,873,0 days 00:03:10.967448,18.6,"ABEGG Variations, Op. 1",Robert Schumann,2013
874,874,0 days 00:03:24.972656,20.8,"ABEGG Variations, Op. 1",Robert Schumann,2013
875,875,0 days 00:06:12.993490,22.333333333333332,"ABEGG Variations, Op. 1",Robert Schumann,2013
876,876,0 days 00:03:20.002604,17.933333333333334,"ABEGG Variations, Op. 1",Robert Schumann,2011
877,877,0 days 00:27:17.081250,24.666666666666668,"Carnaval, Op. 9",Robert Schumann,2004
878,878,0 days 00:22:56.052083,25.466666666666665,"Carnaval, Op. 9",Robert Schumann,2004
879,879,0 days 00:24:09.963542,25.333333333333332,"Carnaval, Op. 9",Robert Schumann,2018
880,880,0 days 00:20:31.989583,28.6,"Carnaval, Op. 9",Robert Schumann,2014
881,881,0 days 00:20:03.014323,26.733333333333334,Fantasie Op. 17,Robert Schumann,2018
882,882,0 days 00:20:03.962240,21.466666666666665,Fantasie Op. 17,Robert Schumann,2018
883,883,0 days 00:18:20.089583,27.866666666666667,"Fantasy Pieces, Op. 12",Robert Schumann,2004
884,884,0 days 00:20:37.576823,23.133333333333333,"Fantasy in C Major, Op. 17",Robert Schumann,2018
885,885,0 days 00:14:55.886719,18.733333333333334,Kreisleriana,Robert Schumann,2006
886,886,0 days 00:00:29.970833,16.133333333333333,"Kreisleriana, Op. 16",Robert Schumann,2004
887,887,0 days 00:04:16.403125,17.8,"Kreisleriana, Op. 16",Robert Schumann,2004
888,888,0 days 00:15:01,18.8,"Kreisleriana, Op. 16",Robert Schumann,2009
889,889,0 days 00:13:22.028646,19.666666666666668,"Kreisleriana, Op. 16 (1st edition) (Complete)",Robert Schumann,2014
890,890,0 days 00:16:18.817708,19.2,"Kreisleriana, Op. 16 (Complete)",Robert Schumann,2014
891,891,0 days 00:29:11.049479,25.4,Sonata F# Minor,Robert Schumann,2006
892,892,0 days 00:30:56.037760,24.333333333333332,"Sonata No. 1 in F-Sharp Minor, Op. 11 (Complete)",Robert Schumann,2014
893,893,0 days 00:25:36,26.2,"Sonata No. 1 in F-sharp Minor, Op. 11",Robert Schumann,2009
894,894,0 days 00:02:40.916667,23.333333333333332,Symphonic Etudes,Robert Schumann,2006
895,895,0 days 00:23:43.997396,25.733333333333334,Symphonic Etudes,Robert Schumann,2006
896,896,0 days 00:26:09.947917,26.0,Symphonic Etudes,Robert Schumann,2006
897,897,0 days 00:21:51.964844,23.266666666666666,Symphonic Etudes Op. 13,Robert Schumann,2018
898,898,0 days 00:33:55.009115,27.266666666666666,Symphonic Etudes Op. 13 (with Posthumous variations),Robert Schumann,2018
899,899,0 days 00:12:34.014323,25.733333333333334,"Symphonic Etudes, Op. 13",Robert Schumann,2009
900,900,0 days 00:18:07.924479,32.6,"Symphonic Etudes, Op. 13",Robert Schumann,2014
901,901,0 days 00:13:59.978125,23.333333333333332,"Symphonic Etudes, Op. 13",Robert Schumann,2015
902,902,0 days 00:26:11.023438,25.6,"Symphonic Etudes, Op. 13 (with Posthumous Etudes)",Robert Schumann,2014
903,903,0 days 00:02:49.910156,20.466666666666665,Widmung,Robert Schumann / Franz Liszt,2008
904,904,0 days 00:01:41,23.133333333333333,"Moment Musical, Op. 16, No.4",Sergei Rachmaninoff,2004
905,905,0 days 00:02:33.988542,23.2,Moment Musicaux Op. 16 No. 4 in E Minor,Sergei Rachmaninoff,2017
906,906,0 days 00:03:10.006510,8.933333333333334,"Moment Musicaux, Op. 16 No. 3 in B Minor",Sergei Rachmaninoff,2018
907,907,0 days 00:02:35.803385,22.466666666666665,"Moment Musicaux, Op. 16 No. 4 in E Minor",Sergei Rachmaninoff,2018
908,908,0 days 00:01:27.983073,7.866666666666666,"Moment Musicaux, Op. 16 No. 5",Sergei Rachmaninoff,2013
909,909,0 days 00:07:36.927083,23.333333333333332,Moments Musicaux,Sergei Rachmaninoff,2006
910,910,0 days 00:04:41.037760,20.066666666666666,"Moments Musicaux, Op. 16",Sergei Rachmaninoff,2011
911,911,0 days 00:00:27.992188,25.266666666666666,"Moments Musicaux, Op. 16",Sergei Rachmaninoff,2011
912,912,0 days 00:02:53.014323,9.733333333333333,"Moments Musicaux, Op. 16",Sergei Rachmaninoff,2011
913,913,0 days 00:02:30.971354,23.466666666666665,"Moments Musicaux, Op. 16",Sergei Rachmaninoff,2011
914,914,0 days 00:01:34.006510,7.4,"Moments Musicaux, Op. 16",Sergei Rachmaninoff,2011
915,915,0 days 00:03:44.523438,22.866666666666667,"Moments Musicaux, Op. 16",Sergei Rachmaninoff,2011
916,916,0 days 00:02:39.458333,10.2,Prelude Op. 23 No. 4 in D Major,Sergei Rachmaninoff,2015
917,917,0 days 00:02:18,26.0,"Prelude Op. 23, No. 2",Sergei Rachmaninoff,2004
918,918,0 days 00:02:22.980469,11.8,Prelude Op. 23/4,Sergei Rachmaninoff,2006
919,919,0 days 00:02:38.009115,10.133333333333333,"Prelude in D Major, Op. 23, No. 4",Sergei Rachmaninoff,2014
920,920,0 days 00:02:44.988281,11.666666666666666,"Prelude in D Major, Op. 23, No. 4",Sergei Rachmaninoff,2013
921,921,0 days 00:11:04.955729,32.46666666666667,"Preludes Op. 23, Nos. 2, 4 and 5",Sergei Rachmaninoff,2018
922,922,0 days 00:05:20.682292,24.2,Sonata No. 2 in B-Flat Minor Op. 36 (1913),Sergei Rachmaninoff,2011
923,923,0 days 00:04:45,19.866666666666667,Sonata No. 2 in B-Flat Minor Op. 36 (1913),Sergei Rachmaninoff,2011
924,924,0 days 00:00:27.037760,6.533333333333333,Sonata No. 2 in B-Flat Minor Op. 36 (1913),Sergei Rachmaninoff,2011
925,925,0 days 00:05:32.997396,31.933333333333334,Sonata No. 2 in B-Flat Minor Op. 36 (1913),Sergei Rachmaninoff,2011
926,926,0 days 00:19:14.022917,35.93333333333333,Sonata No. 2 in B-flat Minor,Sergei Rachmaninoff,2004
927,927,0 days 00:04:50.026042,22.8,"Sonata No. 2 in B-flat Minor, Op. 36",Sergei Rachmaninoff,2004
928,928,0 days 00:22:53.968750,35.733333333333334,"Sonata No. 2 in B-flat Minor, Op. 36 (1913)",Sergei Rachmaninoff,2009
929,929,0 days 00:20:12.973958,31.666666666666668,"Sonata No. 2 in B-flat Minor, Op.36",Sergei Rachmaninoff,2009
930,930,0 days 00:19:40.744792,28.866666666666667,"Sonata No. 2 in B-flat Minor, Opus 36",Sergei Rachmaninoff,2004
931,931,0 days 00:17:06,33.666666666666664,Sonata Op. 36,Sergei Rachmaninoff,2006
932,932,0 days 00:19:14.997396,30.333333333333332,"Sonata in B-flat Minor, Op.36",Sergei Rachmaninoff,2009
933,933,0 days 00:00:07.983073,28.533333333333335,Flight of B.B.,Sergei Rachmaninoff / György Cziffra,2006
934,934,0 days 00:02:21.157552,25.933333333333334,Italian Polka,Sergei Rachmaninoff / Vyacheslav Gryaznov,2009
935,935,0 days 00:08:32.006510,18.4,Fantasy in C Min,Wolfgang Amadeus Mozart,2006
936,936,0 days 00:11:00.018229,18.933333333333334,"Nine Variations, K. 264",Wolfgang Amadeus Mozart,2009
937,937,0 days 00:06:22.773438,15.466666666666667,"Nine variations on a minuet by Duport, K537",Wolfgang Amadeus Mozart,2018
938,938,0 days 00:11:41.924479,12.866666666666667,Sonata K. 457,Wolfgang Amadeus Mozart,2006
939,939,0 days 00:01:47.033333,13.466666666666667,"Sonata K. 457 in C minor, I. Allegro molto",Wolfgang Amadeus Mozart,2015
940,940,0 days 00:02:43.018229,13.733333333333333,"Sonata in B-flat Major, K. 281, First Movement",Wolfgang Amadeus Mozart,2011
941,941,0 days 00:01:14.902344,14.533333333333333,"Sonata in B-flat Major, K. 570, 1st mov.",Wolfgang Amadeus Mozart,2013
942,942,0 days 00:10:09.988281,14.733333333333333,"Sonata in B-flat Major, K.281",Wolfgang Amadeus Mozart,2009
943,943,0 days 00:03:37.955208,13.4,"Sonata in C Major, K 330, I. Allegro moderato",Wolfgang Amadeus Mozart,2015
944,944,0 days 00:01:48,12.933333333333334,"Sonata in C Minor K457, First Movement",Wolfgang Amadeus Mozart,2008
945,945,0 days 00:13:11.962240,11.266666666666667,"Sonata in C Minor, K. 457",Wolfgang Amadeus Mozart,2018
946,946,0 days 00:03:27.963542,13.133333333333333,"Sonata in C Minor, K. 457, 1st mov.",Wolfgang Amadeus Mozart,2013
947,947,0 days 00:00:44.983073,14.333333333333334,Sonata in D Major K576,Wolfgang Amadeus Mozart,2018
948,948,0 days 00:00:58.011719,16.933333333333334,"Sonata in D Major, K 284, First Movement",Wolfgang Amadeus Mozart,2008
949,949,0 days 00:00:50.134115,13.0,"Sonata in D Major, K 576, First Movement",Wolfgang Amadeus Mozart,2008
950,950,0 days 00:00:25.040365,15.666666666666666,"Sonata in D Major, K. 284, First Movement",Wolfgang Amadeus Mozart,2011
951,951,0 days 00:11:56.957031,16.533333333333335,"Sonata in D Major, K. 311",Wolfgang Amadeus Mozart,2009
952,952,0 days 00:00:44.988281,14.4,"Sonata in D Major, K. 576 (Complete)",Wolfgang Amadeus Mozart,2014
953,953,0 days 00:00:44.988281,14.066666666666666,"Sonata in D Major, K. 576, I - Allegro",Wolfgang Amadeus Mozart,2013
954,954,0 days 00:01:48.992188,8.266666666666667,"Sonata in D Major, K. 576, II - Adagio",Wolfgang Amadeus Mozart,2013
955,955,0 days 00:10:09.962240,16.733333333333334,"Sonata in D Major, K.311",Wolfgang Amadeus Mozart,2009
956,956,0 days 00:02:05.988281,15.8,"Sonata in D-Major, K. 311, First Movement",Wolfgang Amadeus Mozart,2011
957,957,0 days 00:11:51.957031,13.2,Sonata in F K332,Wolfgang Amadeus Mozart,2006
958,958,0 days 00:12:04.046875,13.466666666666667,"Sonata in F Major, K 332 (Complete)",Wolfgang Amadeus Mozart,2015
959,959,0 days 00:10:59.037500,13.666666666666666,"Sonata in F Major, K 332 (Complete)",Wolfgang Amadeus Mozart,2015
960,960,0 days 00:00:31.107292,13.533333333333333,"Sonata in F Major, K280",Wolfgang Amadeus Mozart,2004
961,961,0 days 00:10:20,15.133333333333333,"Twelve Variations, K179 (189a)",Wolfgang Amadeus Mozart,2004
